duplicate_variant	representative_variant
a1+Rna+rel/a1+Rna+rel_combo_0000.litmus	a1+Racq+rel/a1+Racq+rel_combo_0000.litmus
a1+Rna+rel/a1+Rna+rel_combo_0001.litmus	a1+Racq+rel/a1+Racq+rel_combo_0001.litmus
a1+Rna+rel/a1+Rna+rel_combo_0010.litmus	a1+Racq+rel/a1+Racq+rel_combo_0010.litmus
a1+Rna+rel/a1+Rna+rel_combo_0011.litmus	a1+Racq+rel/a1+Racq+rel_combo_0011.litmus
a1+Rna+rel/a1+Rna+rel_combo_0100.litmus	a1+Racq+rel/a1+Racq+rel_combo_0100.litmus
a1+Rna+rel/a1+Rna+rel_combo_0101.litmus	a1+Racq+rel/a1+Racq+rel_combo_0101.litmus
a1+Rna+rel/a1+Rna+rel_combo_0110.litmus	a1+Racq+rel/a1+Racq+rel_combo_0110.litmus
a1+Rna+rel/a1+Rna+rel_combo_0111.litmus	a1+Racq+rel/a1+Racq+rel_combo_0111.litmus
a1+Rna+rel/a1+Rna+rel_combo_1000.litmus	a1+Racq+rel/a1+Racq+rel_combo_1000.litmus
a1+Rna+rel/a1+Rna+rel_combo_1001.litmus	a1+Racq+rel/a1+Racq+rel_combo_1001.litmus
a1+Rna+rel/a1+Rna+rel_combo_1010.litmus	a1+Racq+rel/a1+Racq+rel_combo_1010.litmus
a1+Rna+rel/a1+Rna+rel_combo_1011.litmus	a1+Racq+rel/a1+Racq+rel_combo_1011.litmus
a1+Rna+rel/a1+Rna+rel_combo_1100.litmus	a1+Racq+rel/a1+Racq+rel_combo_1100.litmus
a1+Rna+rel/a1+Rna+rel_combo_1101.litmus	a1+Racq+rel/a1+Racq+rel_combo_1101.litmus
a1+Rna+rel/a1+Rna+rel_combo_1110.litmus	a1+Racq+rel/a1+Racq+rel_combo_1110.litmus
a1+Rna+rel/a1+Rna+rel_combo_1111.litmus	a1+Racq+rel/a1+Racq+rel_combo_1111.litmus
a1+Rrlx+rel/a1+Rrlx+rel_combo_0000.litmus	a1+Racq+rel/a1+Racq+rel_combo_0000.litmus
a1+Rrlx+rel/a1+Rrlx+rel_combo_0001.litmus	a1+Racq+rel/a1+Racq+rel_combo_0001.litmus
a1+Rrlx+rel/a1+Rrlx+rel_combo_0010.litmus	a1+Racq+rel/a1+Racq+rel_combo_0010.litmus
a1+Rrlx+rel/a1+Rrlx+rel_combo_0011.litmus	a1+Racq+rel/a1+Racq+rel_combo_0011.litmus
a1+Rrlx+rel/a1+Rrlx+rel_combo_0100.litmus	a1+Racq+rel/a1+Racq+rel_combo_0100.litmus
a1+Rrlx+rel/a1+Rrlx+rel_combo_0101.litmus	a1+Racq+rel/a1+Racq+rel_combo_0101.litmus
a1+Rrlx+rel/a1+Rrlx+rel_combo_0110.litmus	a1+Racq+rel/a1+Racq+rel_combo_0110.litmus
a1+Rrlx+rel/a1+Rrlx+rel_combo_0111.litmus	a1+Racq+rel/a1+Racq+rel_combo_0111.litmus
a1+Rrlx+rel/a1+Rrlx+rel_combo_1000.litmus	a1+Racq+rel/a1+Racq+rel_combo_1000.litmus
a1+Rrlx+rel/a1+Rrlx+rel_combo_1001.litmus	a1+Racq+rel/a1+Racq+rel_combo_1001.litmus
a1+Rrlx+rel/a1+Rrlx+rel_combo_1010.litmus	a1+Racq+rel/a1+Racq+rel_combo_1010.litmus
a1+Rrlx+rel/a1+Rrlx+rel_combo_1011.litmus	a1+Racq+rel/a1+Racq+rel_combo_1011.litmus
a1+Rrlx+rel/a1+Rrlx+rel_combo_1100.litmus	a1+Racq+rel/a1+Racq+rel_combo_1100.litmus
a1+Rrlx+rel/a1+Rrlx+rel_combo_1101.litmus	a1+Racq+rel/a1+Racq+rel_combo_1101.litmus
a1+Rrlx+rel/a1+Rrlx+rel_combo_1110.litmus	a1+Racq+rel/a1+Racq+rel_combo_1110.litmus
a1+Rrlx+rel/a1+Rrlx+rel_combo_1111.litmus	a1+Racq+rel/a1+Racq+rel_combo_1111.litmus
a1+Wrel+rel/a1+Wrel+rel_combo_0000.litmus	a1+Wna+rel/a1+Wna+rel_combo_0000.litmus
a1+Wrel+rel/a1+Wrel+rel_combo_0001.litmus	a1+Wna+rel/a1+Wna+rel_combo_0001.litmus
a1+Wrel+rel/a1+Wrel+rel_combo_0010.litmus	a1+Wna+rel/a1+Wna+rel_combo_0010.litmus
a1+Wrel+rel/a1+Wrel+rel_combo_0011.litmus	a1+Wna+rel/a1+Wna+rel_combo_0011.litmus
a1+Wrel+rel/a1+Wrel+rel_combo_0100.litmus	a1+Wna+rel/a1+Wna+rel_combo_0100.litmus
a1+Wrel+rel/a1+Wrel+rel_combo_0101.litmus	a1+Wna+rel/a1+Wna+rel_combo_0101.litmus
a1+Wrel+rel/a1+Wrel+rel_combo_0110.litmus	a1+Wna+rel/a1+Wna+rel_combo_0110.litmus
a1+Wrel+rel/a1+Wrel+rel_combo_0111.litmus	a1+Wna+rel/a1+Wna+rel_combo_0111.litmus
a1+Wrel+rel/a1+Wrel+rel_combo_1000.litmus	a1+Wna+rel/a1+Wna+rel_combo_1000.litmus
a1+Wrel+rel/a1+Wrel+rel_combo_1001.litmus	a1+Wna+rel/a1+Wna+rel_combo_1001.litmus
a1+Wrel+rel/a1+Wrel+rel_combo_1010.litmus	a1+Wna+rel/a1+Wna+rel_combo_1010.litmus
a1+Wrel+rel/a1+Wrel+rel_combo_1011.litmus	a1+Wna+rel/a1+Wna+rel_combo_1011.litmus
a1+Wrel+rel/a1+Wrel+rel_combo_1100.litmus	a1+Wna+rel/a1+Wna+rel_combo_1100.litmus
a1+Wrel+rel/a1+Wrel+rel_combo_1101.litmus	a1+Wna+rel/a1+Wna+rel_combo_1101.litmus
a1+Wrel+rel/a1+Wrel+rel_combo_1110.litmus	a1+Wna+rel/a1+Wna+rel_combo_1110.litmus
a1+Wrel+rel/a1+Wrel+rel_combo_1111.litmus	a1+Wna+rel/a1+Wna+rel_combo_1111.litmus
a1+Wrlx+rel/a1+Wrlx+rel_combo_0000.litmus	a1+Wna+rel/a1+Wna+rel_combo_0000.litmus
a1+Wrlx+rel/a1+Wrlx+rel_combo_0001.litmus	a1+Wna+rel/a1+Wna+rel_combo_0001.litmus
a1+Wrlx+rel/a1+Wrlx+rel_combo_0010.litmus	a1+Wna+rel/a1+Wna+rel_combo_0010.litmus
a1+Wrlx+rel/a1+Wrlx+rel_combo_0011.litmus	a1+Wna+rel/a1+Wna+rel_combo_0011.litmus
a1+Wrlx+rel/a1+Wrlx+rel_combo_0100.litmus	a1+Wna+rel/a1+Wna+rel_combo_0100.litmus
a1+Wrlx+rel/a1+Wrlx+rel_combo_0101.litmus	a1+Wna+rel/a1+Wna+rel_combo_0101.litmus
a1+Wrlx+rel/a1+Wrlx+rel_combo_0110.litmus	a1+Wna+rel/a1+Wna+rel_combo_0110.litmus
a1+Wrlx+rel/a1+Wrlx+rel_combo_0111.litmus	a1+Wna+rel/a1+Wna+rel_combo_0111.litmus
a1+Wrlx+rel/a1+Wrlx+rel_combo_1000.litmus	a1+Wna+rel/a1+Wna+rel_combo_1000.litmus
a1+Wrlx+rel/a1+Wrlx+rel_combo_1001.litmus	a1+Wna+rel/a1+Wna+rel_combo_1001.litmus
a1+Wrlx+rel/a1+Wrlx+rel_combo_1010.litmus	a1+Wna+rel/a1+Wna+rel_combo_1010.litmus
a1+Wrlx+rel/a1+Wrlx+rel_combo_1011.litmus	a1+Wna+rel/a1+Wna+rel_combo_1011.litmus
a1+Wrlx+rel/a1+Wrlx+rel_combo_1100.litmus	a1+Wna+rel/a1+Wna+rel_combo_1100.litmus
a1+Wrlx+rel/a1+Wrlx+rel_combo_1101.litmus	a1+Wna+rel/a1+Wna+rel_combo_1101.litmus
a1+Wrlx+rel/a1+Wrlx+rel_combo_1110.litmus	a1+Wna+rel/a1+Wna+rel_combo_1110.litmus
a1+Wrlx+rel/a1+Wrlx+rel_combo_1111.litmus	a1+Wna+rel/a1+Wna+rel_combo_1111.litmus
a1/a1_combo_0000.litmus	a1+Racq+rel/a1+Racq+rel_combo_0000.litmus
a1/a1_combo_0001.litmus	a1+Racq+rel/a1+Racq+rel_combo_0001.litmus
a1/a1_combo_0010.litmus	a1+Racq+rel/a1+Racq+rel_combo_0010.litmus
a1/a1_combo_0011.litmus	a1+Racq+rel/a1+Racq+rel_combo_0011.litmus
a1/a1_combo_0100.litmus	a1+Racq+rel/a1+Racq+rel_combo_0100.litmus
a1/a1_combo_0101.litmus	a1+Racq+rel/a1+Racq+rel_combo_0101.litmus
a1/a1_combo_0110.litmus	a1+Racq+rel/a1+Racq+rel_combo_0110.litmus
a1/a1_combo_0111.litmus	a1+Racq+rel/a1+Racq+rel_combo_0111.litmus
a1/a1_combo_1000.litmus	a1+Racq+rel/a1+Racq+rel_combo_1000.litmus
a1/a1_combo_1001.litmus	a1+Racq+rel/a1+Racq+rel_combo_1001.litmus
a1/a1_combo_1010.litmus	a1+Racq+rel/a1+Racq+rel_combo_1010.litmus
a1/a1_combo_1011.litmus	a1+Racq+rel/a1+Racq+rel_combo_1011.litmus
a1/a1_combo_1100.litmus	a1+Racq+rel/a1+Racq+rel_combo_1100.litmus
a1/a1_combo_1101.litmus	a1+Racq+rel/a1+Racq+rel_combo_1101.litmus
a1/a1_combo_1110.litmus	a1+Racq+rel/a1+Racq+rel_combo_1110.litmus
a1/a1_combo_1111.litmus	a1+Racq+rel/a1+Racq+rel_combo_1111.litmus
a1_reorder+rel+Rna/a1_reorder+rel+Rna_combo_0000.litmus	a1_reorder+rel+Racq/a1_reorder+rel+Racq_combo_0000.litmus
a1_reorder+rel+Rna/a1_reorder+rel+Rna_combo_0001.litmus	a1_reorder+rel+Racq/a1_reorder+rel+Racq_combo_0001.litmus
a1_reorder+rel+Rna/a1_reorder+rel+Rna_combo_0010.litmus	a1_reorder+rel+Racq/a1_reorder+rel+Racq_combo_0010.litmus
a1_reorder+rel+Rna/a1_reorder+rel+Rna_combo_0011.litmus	a1_reorder+rel+Racq/a1_reorder+rel+Racq_combo_0011.litmus
a1_reorder+rel+Rna/a1_reorder+rel+Rna_combo_0100.litmus	a1_reorder+rel+Racq/a1_reorder+rel+Racq_combo_0100.litmus
a1_reorder+rel+Rna/a1_reorder+rel+Rna_combo_0101.litmus	a1_reorder+rel+Racq/a1_reorder+rel+Racq_combo_0101.litmus
a1_reorder+rel+Rna/a1_reorder+rel+Rna_combo_0110.litmus	a1_reorder+rel+Racq/a1_reorder+rel+Racq_combo_0110.litmus
a1_reorder+rel+Rna/a1_reorder+rel+Rna_combo_0111.litmus	a1_reorder+rel+Racq/a1_reorder+rel+Racq_combo_0111.litmus
a1_reorder+rel+Rna/a1_reorder+rel+Rna_combo_1000.litmus	a1_reorder+rel+Racq/a1_reorder+rel+Racq_combo_1000.litmus
a1_reorder+rel+Rna/a1_reorder+rel+Rna_combo_1001.litmus	a1_reorder+rel+Racq/a1_reorder+rel+Racq_combo_1001.litmus
a1_reorder+rel+Rna/a1_reorder+rel+Rna_combo_1010.litmus	a1_reorder+rel+Racq/a1_reorder+rel+Racq_combo_1010.litmus
a1_reorder+rel+Rna/a1_reorder+rel+Rna_combo_1011.litmus	a1_reorder+rel+Racq/a1_reorder+rel+Racq_combo_1011.litmus
a1_reorder+rel+Rna/a1_reorder+rel+Rna_combo_1100.litmus	a1_reorder+rel+Racq/a1_reorder+rel+Racq_combo_1100.litmus
a1_reorder+rel+Rna/a1_reorder+rel+Rna_combo_1101.litmus	a1_reorder+rel+Racq/a1_reorder+rel+Racq_combo_1101.litmus
a1_reorder+rel+Rna/a1_reorder+rel+Rna_combo_1110.litmus	a1_reorder+rel+Racq/a1_reorder+rel+Racq_combo_1110.litmus
a1_reorder+rel+Rna/a1_reorder+rel+Rna_combo_1111.litmus	a1_reorder+rel+Racq/a1_reorder+rel+Racq_combo_1111.litmus
a1_reorder+rel+Rrlx/a1_reorder+rel+Rrlx_combo_0000.litmus	a1_reorder+rel+Racq/a1_reorder+rel+Racq_combo_0000.litmus
a1_reorder+rel+Rrlx/a1_reorder+rel+Rrlx_combo_0001.litmus	a1_reorder+rel+Racq/a1_reorder+rel+Racq_combo_0001.litmus
a1_reorder+rel+Rrlx/a1_reorder+rel+Rrlx_combo_0010.litmus	a1_reorder+rel+Racq/a1_reorder+rel+Racq_combo_0010.litmus
a1_reorder+rel+Rrlx/a1_reorder+rel+Rrlx_combo_0011.litmus	a1_reorder+rel+Racq/a1_reorder+rel+Racq_combo_0011.litmus
a1_reorder+rel+Rrlx/a1_reorder+rel+Rrlx_combo_0100.litmus	a1_reorder+rel+Racq/a1_reorder+rel+Racq_combo_0100.litmus
a1_reorder+rel+Rrlx/a1_reorder+rel+Rrlx_combo_0101.litmus	a1_reorder+rel+Racq/a1_reorder+rel+Racq_combo_0101.litmus
a1_reorder+rel+Rrlx/a1_reorder+rel+Rrlx_combo_0110.litmus	a1_reorder+rel+Racq/a1_reorder+rel+Racq_combo_0110.litmus
a1_reorder+rel+Rrlx/a1_reorder+rel+Rrlx_combo_0111.litmus	a1_reorder+rel+Racq/a1_reorder+rel+Racq_combo_0111.litmus
a1_reorder+rel+Rrlx/a1_reorder+rel+Rrlx_combo_1000.litmus	a1_reorder+rel+Racq/a1_reorder+rel+Racq_combo_1000.litmus
a1_reorder+rel+Rrlx/a1_reorder+rel+Rrlx_combo_1001.litmus	a1_reorder+rel+Racq/a1_reorder+rel+Racq_combo_1001.litmus
a1_reorder+rel+Rrlx/a1_reorder+rel+Rrlx_combo_1010.litmus	a1_reorder+rel+Racq/a1_reorder+rel+Racq_combo_1010.litmus
a1_reorder+rel+Rrlx/a1_reorder+rel+Rrlx_combo_1011.litmus	a1_reorder+rel+Racq/a1_reorder+rel+Racq_combo_1011.litmus
a1_reorder+rel+Rrlx/a1_reorder+rel+Rrlx_combo_1100.litmus	a1_reorder+rel+Racq/a1_reorder+rel+Racq_combo_1100.litmus
a1_reorder+rel+Rrlx/a1_reorder+rel+Rrlx_combo_1101.litmus	a1_reorder+rel+Racq/a1_reorder+rel+Racq_combo_1101.litmus
a1_reorder+rel+Rrlx/a1_reorder+rel+Rrlx_combo_1110.litmus	a1_reorder+rel+Racq/a1_reorder+rel+Racq_combo_1110.litmus
a1_reorder+rel+Rrlx/a1_reorder+rel+Rrlx_combo_1111.litmus	a1_reorder+rel+Racq/a1_reorder+rel+Racq_combo_1111.litmus
a1_reorder+rel+Wrel/a1_reorder+rel+Wrel_combo_0000.litmus	a1_reorder+rel+Wna/a1_reorder+rel+Wna_combo_0000.litmus
a1_reorder+rel+Wrel/a1_reorder+rel+Wrel_combo_0001.litmus	a1_reorder+rel+Wna/a1_reorder+rel+Wna_combo_0001.litmus
a1_reorder+rel+Wrel/a1_reorder+rel+Wrel_combo_0010.litmus	a1_reorder+rel+Wna/a1_reorder+rel+Wna_combo_0010.litmus
a1_reorder+rel+Wrel/a1_reorder+rel+Wrel_combo_0011.litmus	a1_reorder+rel+Wna/a1_reorder+rel+Wna_combo_0011.litmus
a1_reorder+rel+Wrel/a1_reorder+rel+Wrel_combo_0100.litmus	a1_reorder+rel+Wna/a1_reorder+rel+Wna_combo_0100.litmus
a1_reorder+rel+Wrel/a1_reorder+rel+Wrel_combo_0101.litmus	a1_reorder+rel+Wna/a1_reorder+rel+Wna_combo_0101.litmus
a1_reorder+rel+Wrel/a1_reorder+rel+Wrel_combo_0110.litmus	a1_reorder+rel+Wna/a1_reorder+rel+Wna_combo_0110.litmus
a1_reorder+rel+Wrel/a1_reorder+rel+Wrel_combo_0111.litmus	a1_reorder+rel+Wna/a1_reorder+rel+Wna_combo_0111.litmus
a1_reorder+rel+Wrel/a1_reorder+rel+Wrel_combo_1000.litmus	a1_reorder+rel+Wna/a1_reorder+rel+Wna_combo_1000.litmus
a1_reorder+rel+Wrel/a1_reorder+rel+Wrel_combo_1001.litmus	a1_reorder+rel+Wna/a1_reorder+rel+Wna_combo_1001.litmus
a1_reorder+rel+Wrel/a1_reorder+rel+Wrel_combo_1010.litmus	a1_reorder+rel+Wna/a1_reorder+rel+Wna_combo_1010.litmus
a1_reorder+rel+Wrel/a1_reorder+rel+Wrel_combo_1011.litmus	a1_reorder+rel+Wna/a1_reorder+rel+Wna_combo_1011.litmus
a1_reorder+rel+Wrel/a1_reorder+rel+Wrel_combo_1100.litmus	a1_reorder+rel+Wna/a1_reorder+rel+Wna_combo_1100.litmus
a1_reorder+rel+Wrel/a1_reorder+rel+Wrel_combo_1101.litmus	a1_reorder+rel+Wna/a1_reorder+rel+Wna_combo_1101.litmus
a1_reorder+rel+Wrel/a1_reorder+rel+Wrel_combo_1110.litmus	a1_reorder+rel+Wna/a1_reorder+rel+Wna_combo_1110.litmus
a1_reorder+rel+Wrel/a1_reorder+rel+Wrel_combo_1111.litmus	a1_reorder+rel+Wna/a1_reorder+rel+Wna_combo_1111.litmus
a1_reorder+rel+Wrlx/a1_reorder+rel+Wrlx_combo_0000.litmus	a1_reorder+rel+Wna/a1_reorder+rel+Wna_combo_0000.litmus
a1_reorder+rel+Wrlx/a1_reorder+rel+Wrlx_combo_0001.litmus	a1_reorder+rel+Wna/a1_reorder+rel+Wna_combo_0001.litmus
a1_reorder+rel+Wrlx/a1_reorder+rel+Wrlx_combo_0010.litmus	a1_reorder+rel+Wna/a1_reorder+rel+Wna_combo_0010.litmus
a1_reorder+rel+Wrlx/a1_reorder+rel+Wrlx_combo_0011.litmus	a1_reorder+rel+Wna/a1_reorder+rel+Wna_combo_0011.litmus
a1_reorder+rel+Wrlx/a1_reorder+rel+Wrlx_combo_0100.litmus	a1_reorder+rel+Wna/a1_reorder+rel+Wna_combo_0100.litmus
a1_reorder+rel+Wrlx/a1_reorder+rel+Wrlx_combo_0101.litmus	a1_reorder+rel+Wna/a1_reorder+rel+Wna_combo_0101.litmus
a1_reorder+rel+Wrlx/a1_reorder+rel+Wrlx_combo_0110.litmus	a1_reorder+rel+Wna/a1_reorder+rel+Wna_combo_0110.litmus
a1_reorder+rel+Wrlx/a1_reorder+rel+Wrlx_combo_0111.litmus	a1_reorder+rel+Wna/a1_reorder+rel+Wna_combo_0111.litmus
a1_reorder+rel+Wrlx/a1_reorder+rel+Wrlx_combo_1000.litmus	a1_reorder+rel+Wna/a1_reorder+rel+Wna_combo_1000.litmus
a1_reorder+rel+Wrlx/a1_reorder+rel+Wrlx_combo_1001.litmus	a1_reorder+rel+Wna/a1_reorder+rel+Wna_combo_1001.litmus
a1_reorder+rel+Wrlx/a1_reorder+rel+Wrlx_combo_1010.litmus	a1_reorder+rel+Wna/a1_reorder+rel+Wna_combo_1010.litmus
a1_reorder+rel+Wrlx/a1_reorder+rel+Wrlx_combo_1011.litmus	a1_reorder+rel+Wna/a1_reorder+rel+Wna_combo_1011.litmus
a1_reorder+rel+Wrlx/a1_reorder+rel+Wrlx_combo_1100.litmus	a1_reorder+rel+Wna/a1_reorder+rel+Wna_combo_1100.litmus
a1_reorder+rel+Wrlx/a1_reorder+rel+Wrlx_combo_1101.litmus	a1_reorder+rel+Wna/a1_reorder+rel+Wna_combo_1101.litmus
a1_reorder+rel+Wrlx/a1_reorder+rel+Wrlx_combo_1110.litmus	a1_reorder+rel+Wna/a1_reorder+rel+Wna_combo_1110.litmus
a1_reorder+rel+Wrlx/a1_reorder+rel+Wrlx_combo_1111.litmus	a1_reorder+rel+Wna/a1_reorder+rel+Wna_combo_1111.litmus
a1_reorder/a1_reorder_combo_0000.litmus	a1_reorder+rel+Racq/a1_reorder+rel+Racq_combo_0000.litmus
a1_reorder/a1_reorder_combo_0001.litmus	a1_reorder+rel+Racq/a1_reorder+rel+Racq_combo_0001.litmus
a1_reorder/a1_reorder_combo_0010.litmus	a1_reorder+rel+Racq/a1_reorder+rel+Racq_combo_0010.litmus
a1_reorder/a1_reorder_combo_0011.litmus	a1_reorder+rel+Racq/a1_reorder+rel+Racq_combo_0011.litmus
a1_reorder/a1_reorder_combo_0100.litmus	a1_reorder+rel+Racq/a1_reorder+rel+Racq_combo_0100.litmus
a1_reorder/a1_reorder_combo_0101.litmus	a1_reorder+rel+Racq/a1_reorder+rel+Racq_combo_0101.litmus
a1_reorder/a1_reorder_combo_0110.litmus	a1_reorder+rel+Racq/a1_reorder+rel+Racq_combo_0110.litmus
a1_reorder/a1_reorder_combo_0111.litmus	a1_reorder+rel+Racq/a1_reorder+rel+Racq_combo_0111.litmus
a1_reorder/a1_reorder_combo_1000.litmus	a1_reorder+rel+Racq/a1_reorder+rel+Racq_combo_1000.litmus
a1_reorder/a1_reorder_combo_1001.litmus	a1_reorder+rel+Racq/a1_reorder+rel+Racq_combo_1001.litmus
a1_reorder/a1_reorder_combo_1010.litmus	a1_reorder+rel+Racq/a1_reorder+rel+Racq_combo_1010.litmus
a1_reorder/a1_reorder_combo_1011.litmus	a1_reorder+rel+Racq/a1_reorder+rel+Racq_combo_1011.litmus
a1_reorder/a1_reorder_combo_1100.litmus	a1_reorder+rel+Racq/a1_reorder+rel+Racq_combo_1100.litmus
a1_reorder/a1_reorder_combo_1101.litmus	a1_reorder+rel+Racq/a1_reorder+rel+Racq_combo_1101.litmus
a1_reorder/a1_reorder_combo_1110.litmus	a1_reorder+rel+Racq/a1_reorder+rel+Racq_combo_1110.litmus
a1_reorder/a1_reorder_combo_1111.litmus	a1_reorder+rel+Racq/a1_reorder+rel+Racq_combo_1111.litmus
a3+acq+Rna/a3+acq+Rna_combo_0000.litmus	a3+acq+Racq/a3+acq+Racq_combo_0000.litmus
a3+acq+Rna/a3+acq+Rna_combo_0001.litmus	a3+acq+Racq/a3+acq+Racq_combo_0001.litmus
a3+acq+Rna/a3+acq+Rna_combo_0010.litmus	a3+acq+Racq/a3+acq+Racq_combo_0010.litmus
a3+acq+Rna/a3+acq+Rna_combo_0011.litmus	a3+acq+Racq/a3+acq+Racq_combo_0011.litmus
a3+acq+Rna/a3+acq+Rna_combo_0100.litmus	a3+acq+Racq/a3+acq+Racq_combo_0100.litmus
a3+acq+Rna/a3+acq+Rna_combo_0101.litmus	a3+acq+Racq/a3+acq+Racq_combo_0101.litmus
a3+acq+Rna/a3+acq+Rna_combo_0110.litmus	a3+acq+Racq/a3+acq+Racq_combo_0110.litmus
a3+acq+Rna/a3+acq+Rna_combo_0111.litmus	a3+acq+Racq/a3+acq+Racq_combo_0111.litmus
a3+acq+Rna/a3+acq+Rna_combo_1000.litmus	a3+acq+Racq/a3+acq+Racq_combo_1000.litmus
a3+acq+Rna/a3+acq+Rna_combo_1001.litmus	a3+acq+Racq/a3+acq+Racq_combo_1001.litmus
a3+acq+Rna/a3+acq+Rna_combo_1010.litmus	a3+acq+Racq/a3+acq+Racq_combo_1010.litmus
a3+acq+Rna/a3+acq+Rna_combo_1011.litmus	a3+acq+Racq/a3+acq+Racq_combo_1011.litmus
a3+acq+Rna/a3+acq+Rna_combo_1100.litmus	a3+acq+Racq/a3+acq+Racq_combo_1100.litmus
a3+acq+Rna/a3+acq+Rna_combo_1101.litmus	a3+acq+Racq/a3+acq+Racq_combo_1101.litmus
a3+acq+Rna/a3+acq+Rna_combo_1110.litmus	a3+acq+Racq/a3+acq+Racq_combo_1110.litmus
a3+acq+Rna/a3+acq+Rna_combo_1111.litmus	a3+acq+Racq/a3+acq+Racq_combo_1111.litmus
a3+acq+Rrlx/a3+acq+Rrlx_combo_0000.litmus	a3+acq+Racq/a3+acq+Racq_combo_0000.litmus
a3+acq+Rrlx/a3+acq+Rrlx_combo_0001.litmus	a3+acq+Racq/a3+acq+Racq_combo_0001.litmus
a3+acq+Rrlx/a3+acq+Rrlx_combo_0010.litmus	a3+acq+Racq/a3+acq+Racq_combo_0010.litmus
a3+acq+Rrlx/a3+acq+Rrlx_combo_0011.litmus	a3+acq+Racq/a3+acq+Racq_combo_0011.litmus
a3+acq+Rrlx/a3+acq+Rrlx_combo_0100.litmus	a3+acq+Racq/a3+acq+Racq_combo_0100.litmus
a3+acq+Rrlx/a3+acq+Rrlx_combo_0101.litmus	a3+acq+Racq/a3+acq+Racq_combo_0101.litmus
a3+acq+Rrlx/a3+acq+Rrlx_combo_0110.litmus	a3+acq+Racq/a3+acq+Racq_combo_0110.litmus
a3+acq+Rrlx/a3+acq+Rrlx_combo_0111.litmus	a3+acq+Racq/a3+acq+Racq_combo_0111.litmus
a3+acq+Rrlx/a3+acq+Rrlx_combo_1000.litmus	a3+acq+Racq/a3+acq+Racq_combo_1000.litmus
a3+acq+Rrlx/a3+acq+Rrlx_combo_1001.litmus	a3+acq+Racq/a3+acq+Racq_combo_1001.litmus
a3+acq+Rrlx/a3+acq+Rrlx_combo_1010.litmus	a3+acq+Racq/a3+acq+Racq_combo_1010.litmus
a3+acq+Rrlx/a3+acq+Rrlx_combo_1011.litmus	a3+acq+Racq/a3+acq+Racq_combo_1011.litmus
a3+acq+Rrlx/a3+acq+Rrlx_combo_1100.litmus	a3+acq+Racq/a3+acq+Racq_combo_1100.litmus
a3+acq+Rrlx/a3+acq+Rrlx_combo_1101.litmus	a3+acq+Racq/a3+acq+Racq_combo_1101.litmus
a3+acq+Rrlx/a3+acq+Rrlx_combo_1110.litmus	a3+acq+Racq/a3+acq+Racq_combo_1110.litmus
a3+acq+Rrlx/a3+acq+Rrlx_combo_1111.litmus	a3+acq+Racq/a3+acq+Racq_combo_1111.litmus
a3+acq+Wrel/a3+acq+Wrel_combo_0000.litmus	a3+acq+Wna/a3+acq+Wna_combo_0000.litmus
a3+acq+Wrel/a3+acq+Wrel_combo_0001.litmus	a3+acq+Wna/a3+acq+Wna_combo_0001.litmus
a3+acq+Wrel/a3+acq+Wrel_combo_0010.litmus	a3+acq+Wna/a3+acq+Wna_combo_0010.litmus
a3+acq+Wrel/a3+acq+Wrel_combo_0011.litmus	a3+acq+Wna/a3+acq+Wna_combo_0011.litmus
a3+acq+Wrel/a3+acq+Wrel_combo_0100.litmus	a3+acq+Wna/a3+acq+Wna_combo_0100.litmus
a3+acq+Wrel/a3+acq+Wrel_combo_0101.litmus	a3+acq+Wna/a3+acq+Wna_combo_0101.litmus
a3+acq+Wrel/a3+acq+Wrel_combo_0110.litmus	a3+acq+Wna/a3+acq+Wna_combo_0110.litmus
a3+acq+Wrel/a3+acq+Wrel_combo_0111.litmus	a3+acq+Wna/a3+acq+Wna_combo_0111.litmus
a3+acq+Wrel/a3+acq+Wrel_combo_1000.litmus	a3+acq+Wna/a3+acq+Wna_combo_1000.litmus
a3+acq+Wrel/a3+acq+Wrel_combo_1001.litmus	a3+acq+Wna/a3+acq+Wna_combo_1001.litmus
a3+acq+Wrel/a3+acq+Wrel_combo_1010.litmus	a3+acq+Wna/a3+acq+Wna_combo_1010.litmus
a3+acq+Wrel/a3+acq+Wrel_combo_1011.litmus	a3+acq+Wna/a3+acq+Wna_combo_1011.litmus
a3+acq+Wrel/a3+acq+Wrel_combo_1100.litmus	a3+acq+Wna/a3+acq+Wna_combo_1100.litmus
a3+acq+Wrel/a3+acq+Wrel_combo_1101.litmus	a3+acq+Wna/a3+acq+Wna_combo_1101.litmus
a3+acq+Wrel/a3+acq+Wrel_combo_1110.litmus	a3+acq+Wna/a3+acq+Wna_combo_1110.litmus
a3+acq+Wrel/a3+acq+Wrel_combo_1111.litmus	a3+acq+Wna/a3+acq+Wna_combo_1111.litmus
a3+acq+Wrlx/a3+acq+Wrlx_combo_0000.litmus	a3+acq+Wna/a3+acq+Wna_combo_0000.litmus
a3+acq+Wrlx/a3+acq+Wrlx_combo_0001.litmus	a3+acq+Wna/a3+acq+Wna_combo_0001.litmus
a3+acq+Wrlx/a3+acq+Wrlx_combo_0010.litmus	a3+acq+Wna/a3+acq+Wna_combo_0010.litmus
a3+acq+Wrlx/a3+acq+Wrlx_combo_0011.litmus	a3+acq+Wna/a3+acq+Wna_combo_0011.litmus
a3+acq+Wrlx/a3+acq+Wrlx_combo_0100.litmus	a3+acq+Wna/a3+acq+Wna_combo_0100.litmus
a3+acq+Wrlx/a3+acq+Wrlx_combo_0101.litmus	a3+acq+Wna/a3+acq+Wna_combo_0101.litmus
a3+acq+Wrlx/a3+acq+Wrlx_combo_0110.litmus	a3+acq+Wna/a3+acq+Wna_combo_0110.litmus
a3+acq+Wrlx/a3+acq+Wrlx_combo_0111.litmus	a3+acq+Wna/a3+acq+Wna_combo_0111.litmus
a3+acq+Wrlx/a3+acq+Wrlx_combo_1000.litmus	a3+acq+Wna/a3+acq+Wna_combo_1000.litmus
a3+acq+Wrlx/a3+acq+Wrlx_combo_1001.litmus	a3+acq+Wna/a3+acq+Wna_combo_1001.litmus
a3+acq+Wrlx/a3+acq+Wrlx_combo_1010.litmus	a3+acq+Wna/a3+acq+Wna_combo_1010.litmus
a3+acq+Wrlx/a3+acq+Wrlx_combo_1011.litmus	a3+acq+Wna/a3+acq+Wna_combo_1011.litmus
a3+acq+Wrlx/a3+acq+Wrlx_combo_1100.litmus	a3+acq+Wna/a3+acq+Wna_combo_1100.litmus
a3+acq+Wrlx/a3+acq+Wrlx_combo_1101.litmus	a3+acq+Wna/a3+acq+Wna_combo_1101.litmus
a3+acq+Wrlx/a3+acq+Wrlx_combo_1110.litmus	a3+acq+Wna/a3+acq+Wna_combo_1110.litmus
a3+acq+Wrlx/a3+acq+Wrlx_combo_1111.litmus	a3+acq+Wna/a3+acq+Wna_combo_1111.litmus
a3/a3_combo_0000.litmus	a3+acq+Racq/a3+acq+Racq_combo_0000.litmus
a3/a3_combo_0001.litmus	a3+acq+Racq/a3+acq+Racq_combo_0001.litmus
a3/a3_combo_0010.litmus	a3+acq+Racq/a3+acq+Racq_combo_0010.litmus
a3/a3_combo_0011.litmus	a3+acq+Racq/a3+acq+Racq_combo_0011.litmus
a3/a3_combo_0100.litmus	a3+acq+Racq/a3+acq+Racq_combo_0100.litmus
a3/a3_combo_0101.litmus	a3+acq+Racq/a3+acq+Racq_combo_0101.litmus
a3/a3_combo_0110.litmus	a3+acq+Racq/a3+acq+Racq_combo_0110.litmus
a3/a3_combo_0111.litmus	a3+acq+Racq/a3+acq+Racq_combo_0111.litmus
a3/a3_combo_1000.litmus	a3+acq+Racq/a3+acq+Racq_combo_1000.litmus
a3/a3_combo_1001.litmus	a3+acq+Racq/a3+acq+Racq_combo_1001.litmus
a3/a3_combo_1010.litmus	a3+acq+Racq/a3+acq+Racq_combo_1010.litmus
a3/a3_combo_1011.litmus	a3+acq+Racq/a3+acq+Racq_combo_1011.litmus
a3/a3_combo_1100.litmus	a3+acq+Racq/a3+acq+Racq_combo_1100.litmus
a3/a3_combo_1101.litmus	a3+acq+Racq/a3+acq+Racq_combo_1101.litmus
a3/a3_combo_1110.litmus	a3+acq+Racq/a3+acq+Racq_combo_1110.litmus
a3/a3_combo_1111.litmus	a3+acq+Racq/a3+acq+Racq_combo_1111.litmus
a3_reorder+Rna+acq/a3_reorder+Rna+acq_combo_0000.litmus	a3_reorder+Racq+acq/a3_reorder+Racq+acq_combo_0000.litmus
a3_reorder+Rna+acq/a3_reorder+Rna+acq_combo_0001.litmus	a3_reorder+Racq+acq/a3_reorder+Racq+acq_combo_0001.litmus
a3_reorder+Rna+acq/a3_reorder+Rna+acq_combo_0010.litmus	a3_reorder+Racq+acq/a3_reorder+Racq+acq_combo_0010.litmus
a3_reorder+Rna+acq/a3_reorder+Rna+acq_combo_0011.litmus	a3_reorder+Racq+acq/a3_reorder+Racq+acq_combo_0011.litmus
a3_reorder+Rna+acq/a3_reorder+Rna+acq_combo_0100.litmus	a3_reorder+Racq+acq/a3_reorder+Racq+acq_combo_0100.litmus
a3_reorder+Rna+acq/a3_reorder+Rna+acq_combo_0101.litmus	a3_reorder+Racq+acq/a3_reorder+Racq+acq_combo_0101.litmus
a3_reorder+Rna+acq/a3_reorder+Rna+acq_combo_0110.litmus	a3_reorder+Racq+acq/a3_reorder+Racq+acq_combo_0110.litmus
a3_reorder+Rna+acq/a3_reorder+Rna+acq_combo_0111.litmus	a3_reorder+Racq+acq/a3_reorder+Racq+acq_combo_0111.litmus
a3_reorder+Rna+acq/a3_reorder+Rna+acq_combo_1000.litmus	a3_reorder+Racq+acq/a3_reorder+Racq+acq_combo_1000.litmus
a3_reorder+Rna+acq/a3_reorder+Rna+acq_combo_1001.litmus	a3_reorder+Racq+acq/a3_reorder+Racq+acq_combo_1001.litmus
a3_reorder+Rna+acq/a3_reorder+Rna+acq_combo_1010.litmus	a3_reorder+Racq+acq/a3_reorder+Racq+acq_combo_1010.litmus
a3_reorder+Rna+acq/a3_reorder+Rna+acq_combo_1011.litmus	a3_reorder+Racq+acq/a3_reorder+Racq+acq_combo_1011.litmus
a3_reorder+Rna+acq/a3_reorder+Rna+acq_combo_1100.litmus	a3_reorder+Racq+acq/a3_reorder+Racq+acq_combo_1100.litmus
a3_reorder+Rna+acq/a3_reorder+Rna+acq_combo_1101.litmus	a3_reorder+Racq+acq/a3_reorder+Racq+acq_combo_1101.litmus
a3_reorder+Rna+acq/a3_reorder+Rna+acq_combo_1110.litmus	a3_reorder+Racq+acq/a3_reorder+Racq+acq_combo_1110.litmus
a3_reorder+Rna+acq/a3_reorder+Rna+acq_combo_1111.litmus	a3_reorder+Racq+acq/a3_reorder+Racq+acq_combo_1111.litmus
a3_reorder+Rrlx+acq/a3_reorder+Rrlx+acq_combo_0000.litmus	a3_reorder+Racq+acq/a3_reorder+Racq+acq_combo_0000.litmus
a3_reorder+Rrlx+acq/a3_reorder+Rrlx+acq_combo_0001.litmus	a3_reorder+Racq+acq/a3_reorder+Racq+acq_combo_0001.litmus
a3_reorder+Rrlx+acq/a3_reorder+Rrlx+acq_combo_0010.litmus	a3_reorder+Racq+acq/a3_reorder+Racq+acq_combo_0010.litmus
a3_reorder+Rrlx+acq/a3_reorder+Rrlx+acq_combo_0011.litmus	a3_reorder+Racq+acq/a3_reorder+Racq+acq_combo_0011.litmus
a3_reorder+Rrlx+acq/a3_reorder+Rrlx+acq_combo_0100.litmus	a3_reorder+Racq+acq/a3_reorder+Racq+acq_combo_0100.litmus
a3_reorder+Rrlx+acq/a3_reorder+Rrlx+acq_combo_0101.litmus	a3_reorder+Racq+acq/a3_reorder+Racq+acq_combo_0101.litmus
a3_reorder+Rrlx+acq/a3_reorder+Rrlx+acq_combo_0110.litmus	a3_reorder+Racq+acq/a3_reorder+Racq+acq_combo_0110.litmus
a3_reorder+Rrlx+acq/a3_reorder+Rrlx+acq_combo_0111.litmus	a3_reorder+Racq+acq/a3_reorder+Racq+acq_combo_0111.litmus
a3_reorder+Rrlx+acq/a3_reorder+Rrlx+acq_combo_1000.litmus	a3_reorder+Racq+acq/a3_reorder+Racq+acq_combo_1000.litmus
a3_reorder+Rrlx+acq/a3_reorder+Rrlx+acq_combo_1001.litmus	a3_reorder+Racq+acq/a3_reorder+Racq+acq_combo_1001.litmus
a3_reorder+Rrlx+acq/a3_reorder+Rrlx+acq_combo_1010.litmus	a3_reorder+Racq+acq/a3_reorder+Racq+acq_combo_1010.litmus
a3_reorder+Rrlx+acq/a3_reorder+Rrlx+acq_combo_1011.litmus	a3_reorder+Racq+acq/a3_reorder+Racq+acq_combo_1011.litmus
a3_reorder+Rrlx+acq/a3_reorder+Rrlx+acq_combo_1100.litmus	a3_reorder+Racq+acq/a3_reorder+Racq+acq_combo_1100.litmus
a3_reorder+Rrlx+acq/a3_reorder+Rrlx+acq_combo_1101.litmus	a3_reorder+Racq+acq/a3_reorder+Racq+acq_combo_1101.litmus
a3_reorder+Rrlx+acq/a3_reorder+Rrlx+acq_combo_1110.litmus	a3_reorder+Racq+acq/a3_reorder+Racq+acq_combo_1110.litmus
a3_reorder+Rrlx+acq/a3_reorder+Rrlx+acq_combo_1111.litmus	a3_reorder+Racq+acq/a3_reorder+Racq+acq_combo_1111.litmus
a3_reorder+Wrel+acq/a3_reorder+Wrel+acq_combo_0000.litmus	a3_reorder+Wna+acq/a3_reorder+Wna+acq_combo_0000.litmus
a3_reorder+Wrel+acq/a3_reorder+Wrel+acq_combo_0001.litmus	a3_reorder+Wna+acq/a3_reorder+Wna+acq_combo_0001.litmus
a3_reorder+Wrel+acq/a3_reorder+Wrel+acq_combo_0010.litmus	a3_reorder+Wna+acq/a3_reorder+Wna+acq_combo_0010.litmus
a3_reorder+Wrel+acq/a3_reorder+Wrel+acq_combo_0011.litmus	a3_reorder+Wna+acq/a3_reorder+Wna+acq_combo_0011.litmus
a3_reorder+Wrel+acq/a3_reorder+Wrel+acq_combo_0100.litmus	a3_reorder+Wna+acq/a3_reorder+Wna+acq_combo_0100.litmus
a3_reorder+Wrel+acq/a3_reorder+Wrel+acq_combo_0101.litmus	a3_reorder+Wna+acq/a3_reorder+Wna+acq_combo_0101.litmus
a3_reorder+Wrel+acq/a3_reorder+Wrel+acq_combo_0110.litmus	a3_reorder+Wna+acq/a3_reorder+Wna+acq_combo_0110.litmus
a3_reorder+Wrel+acq/a3_reorder+Wrel+acq_combo_0111.litmus	a3_reorder+Wna+acq/a3_reorder+Wna+acq_combo_0111.litmus
a3_reorder+Wrel+acq/a3_reorder+Wrel+acq_combo_1000.litmus	a3_reorder+Wna+acq/a3_reorder+Wna+acq_combo_1000.litmus
a3_reorder+Wrel+acq/a3_reorder+Wrel+acq_combo_1001.litmus	a3_reorder+Wna+acq/a3_reorder+Wna+acq_combo_1001.litmus
a3_reorder+Wrel+acq/a3_reorder+Wrel+acq_combo_1010.litmus	a3_reorder+Wna+acq/a3_reorder+Wna+acq_combo_1010.litmus
a3_reorder+Wrel+acq/a3_reorder+Wrel+acq_combo_1011.litmus	a3_reorder+Wna+acq/a3_reorder+Wna+acq_combo_1011.litmus
a3_reorder+Wrel+acq/a3_reorder+Wrel+acq_combo_1100.litmus	a3_reorder+Wna+acq/a3_reorder+Wna+acq_combo_1100.litmus
a3_reorder+Wrel+acq/a3_reorder+Wrel+acq_combo_1101.litmus	a3_reorder+Wna+acq/a3_reorder+Wna+acq_combo_1101.litmus
a3_reorder+Wrel+acq/a3_reorder+Wrel+acq_combo_1110.litmus	a3_reorder+Wna+acq/a3_reorder+Wna+acq_combo_1110.litmus
a3_reorder+Wrel+acq/a3_reorder+Wrel+acq_combo_1111.litmus	a3_reorder+Wna+acq/a3_reorder+Wna+acq_combo_1111.litmus
a3_reorder+Wrlx+acq/a3_reorder+Wrlx+acq_combo_0000.litmus	a3_reorder+Wna+acq/a3_reorder+Wna+acq_combo_0000.litmus
a3_reorder+Wrlx+acq/a3_reorder+Wrlx+acq_combo_0001.litmus	a3_reorder+Wna+acq/a3_reorder+Wna+acq_combo_0001.litmus
a3_reorder+Wrlx+acq/a3_reorder+Wrlx+acq_combo_0010.litmus	a3_reorder+Wna+acq/a3_reorder+Wna+acq_combo_0010.litmus
a3_reorder+Wrlx+acq/a3_reorder+Wrlx+acq_combo_0011.litmus	a3_reorder+Wna+acq/a3_reorder+Wna+acq_combo_0011.litmus
a3_reorder+Wrlx+acq/a3_reorder+Wrlx+acq_combo_0100.litmus	a3_reorder+Wna+acq/a3_reorder+Wna+acq_combo_0100.litmus
a3_reorder+Wrlx+acq/a3_reorder+Wrlx+acq_combo_0101.litmus	a3_reorder+Wna+acq/a3_reorder+Wna+acq_combo_0101.litmus
a3_reorder+Wrlx+acq/a3_reorder+Wrlx+acq_combo_0110.litmus	a3_reorder+Wna+acq/a3_reorder+Wna+acq_combo_0110.litmus
a3_reorder+Wrlx+acq/a3_reorder+Wrlx+acq_combo_0111.litmus	a3_reorder+Wna+acq/a3_reorder+Wna+acq_combo_0111.litmus
a3_reorder+Wrlx+acq/a3_reorder+Wrlx+acq_combo_1000.litmus	a3_reorder+Wna+acq/a3_reorder+Wna+acq_combo_1000.litmus
a3_reorder+Wrlx+acq/a3_reorder+Wrlx+acq_combo_1001.litmus	a3_reorder+Wna+acq/a3_reorder+Wna+acq_combo_1001.litmus
a3_reorder+Wrlx+acq/a3_reorder+Wrlx+acq_combo_1010.litmus	a3_reorder+Wna+acq/a3_reorder+Wna+acq_combo_1010.litmus
a3_reorder+Wrlx+acq/a3_reorder+Wrlx+acq_combo_1011.litmus	a3_reorder+Wna+acq/a3_reorder+Wna+acq_combo_1011.litmus
a3_reorder+Wrlx+acq/a3_reorder+Wrlx+acq_combo_1100.litmus	a3_reorder+Wna+acq/a3_reorder+Wna+acq_combo_1100.litmus
a3_reorder+Wrlx+acq/a3_reorder+Wrlx+acq_combo_1101.litmus	a3_reorder+Wna+acq/a3_reorder+Wna+acq_combo_1101.litmus
a3_reorder+Wrlx+acq/a3_reorder+Wrlx+acq_combo_1110.litmus	a3_reorder+Wna+acq/a3_reorder+Wna+acq_combo_1110.litmus
a3_reorder+Wrlx+acq/a3_reorder+Wrlx+acq_combo_1111.litmus	a3_reorder+Wna+acq/a3_reorder+Wna+acq_combo_1111.litmus
a3_reorder/a3_reorder_combo_0000.litmus	a3_reorder+Racq+acq/a3_reorder+Racq+acq_combo_0000.litmus
a3_reorder/a3_reorder_combo_0001.litmus	a3_reorder+Racq+acq/a3_reorder+Racq+acq_combo_0001.litmus
a3_reorder/a3_reorder_combo_0010.litmus	a3_reorder+Racq+acq/a3_reorder+Racq+acq_combo_0010.litmus
a3_reorder/a3_reorder_combo_0011.litmus	a3_reorder+Racq+acq/a3_reorder+Racq+acq_combo_0011.litmus
a3_reorder/a3_reorder_combo_0100.litmus	a3_reorder+Racq+acq/a3_reorder+Racq+acq_combo_0100.litmus
a3_reorder/a3_reorder_combo_0101.litmus	a3_reorder+Racq+acq/a3_reorder+Racq+acq_combo_0101.litmus
a3_reorder/a3_reorder_combo_0110.litmus	a3_reorder+Racq+acq/a3_reorder+Racq+acq_combo_0110.litmus
a3_reorder/a3_reorder_combo_0111.litmus	a3_reorder+Racq+acq/a3_reorder+Racq+acq_combo_0111.litmus
a3_reorder/a3_reorder_combo_1000.litmus	a3_reorder+Racq+acq/a3_reorder+Racq+acq_combo_1000.litmus
a3_reorder/a3_reorder_combo_1001.litmus	a3_reorder+Racq+acq/a3_reorder+Racq+acq_combo_1001.litmus
a3_reorder/a3_reorder_combo_1010.litmus	a3_reorder+Racq+acq/a3_reorder+Racq+acq_combo_1010.litmus
a3_reorder/a3_reorder_combo_1011.litmus	a3_reorder+Racq+acq/a3_reorder+Racq+acq_combo_1011.litmus
a3_reorder/a3_reorder_combo_1100.litmus	a3_reorder+Racq+acq/a3_reorder+Racq+acq_combo_1100.litmus
a3_reorder/a3_reorder_combo_1101.litmus	a3_reorder+Racq+acq/a3_reorder+Racq+acq_combo_1101.litmus
a3_reorder/a3_reorder_combo_1110.litmus	a3_reorder+Racq+acq/a3_reorder+Racq+acq_combo_1110.litmus
a3_reorder/a3_reorder_combo_1111.litmus	a3_reorder+Racq+acq/a3_reorder+Racq+acq_combo_1111.litmus
b+acq+rlx/b+acq+rlx_combo_0000.litmus	b+acq+rel/b+acq+rel_combo_0000.litmus
b+acq+rlx/b+acq+rlx_combo_0001.litmus	b+acq+rel/b+acq+rel_combo_0001.litmus
b+acq+rlx/b+acq+rlx_combo_0010.litmus	b+acq+rel/b+acq+rel_combo_0010.litmus
b+acq+rlx/b+acq+rlx_combo_0011.litmus	b+acq+rel/b+acq+rel_combo_0011.litmus
b+acq+rlx/b+acq+rlx_combo_0100.litmus	b+acq+rel/b+acq+rel_combo_0100.litmus
b+acq+rlx/b+acq+rlx_combo_0101.litmus	b+acq+rel/b+acq+rel_combo_0101.litmus
b+acq+rlx/b+acq+rlx_combo_0110.litmus	b+acq+rel/b+acq+rel_combo_0110.litmus
b+acq+rlx/b+acq+rlx_combo_0111.litmus	b+acq+rel/b+acq+rel_combo_0111.litmus
b+acq+rlx/b+acq+rlx_combo_1000.litmus	b+acq+rel/b+acq+rel_combo_1000.litmus
b+acq+rlx/b+acq+rlx_combo_1001.litmus	b+acq+rel/b+acq+rel_combo_1001.litmus
b+acq+rlx/b+acq+rlx_combo_1010.litmus	b+acq+rel/b+acq+rel_combo_1010.litmus
b+acq+rlx/b+acq+rlx_combo_1011.litmus	b+acq+rel/b+acq+rel_combo_1011.litmus
b+acq+rlx/b+acq+rlx_combo_1100.litmus	b+acq+rel/b+acq+rel_combo_1100.litmus
b+acq+rlx/b+acq+rlx_combo_1101.litmus	b+acq+rel/b+acq+rel_combo_1101.litmus
b+acq+rlx/b+acq+rlx_combo_1110.litmus	b+acq+rel/b+acq+rel_combo_1110.litmus
b+acq+rlx/b+acq+rlx_combo_1111.litmus	b+acq+rel/b+acq+rel_combo_1111.litmus
b+rlx+rel/b+rlx+rel_combo_0000.litmus	b+acq+rel/b+acq+rel_combo_0000.litmus
b+rlx+rel/b+rlx+rel_combo_0001.litmus	b+acq+rel/b+acq+rel_combo_0001.litmus
b+rlx+rel/b+rlx+rel_combo_0010.litmus	b+acq+rel/b+acq+rel_combo_0010.litmus
b+rlx+rel/b+rlx+rel_combo_0011.litmus	b+acq+rel/b+acq+rel_combo_0011.litmus
b+rlx+rel/b+rlx+rel_combo_0100.litmus	b+acq+rel/b+acq+rel_combo_0100.litmus
b+rlx+rel/b+rlx+rel_combo_0101.litmus	b+acq+rel/b+acq+rel_combo_0101.litmus
b+rlx+rel/b+rlx+rel_combo_0110.litmus	b+acq+rel/b+acq+rel_combo_0110.litmus
b+rlx+rel/b+rlx+rel_combo_0111.litmus	b+acq+rel/b+acq+rel_combo_0111.litmus
b+rlx+rel/b+rlx+rel_combo_1000.litmus	b+acq+rel/b+acq+rel_combo_1000.litmus
b+rlx+rel/b+rlx+rel_combo_1001.litmus	b+acq+rel/b+acq+rel_combo_1001.litmus
b+rlx+rel/b+rlx+rel_combo_1010.litmus	b+acq+rel/b+acq+rel_combo_1010.litmus
b+rlx+rel/b+rlx+rel_combo_1011.litmus	b+acq+rel/b+acq+rel_combo_1011.litmus
b+rlx+rel/b+rlx+rel_combo_1100.litmus	b+acq+rel/b+acq+rel_combo_1100.litmus
b+rlx+rel/b+rlx+rel_combo_1101.litmus	b+acq+rel/b+acq+rel_combo_1101.litmus
b+rlx+rel/b+rlx+rel_combo_1110.litmus	b+acq+rel/b+acq+rel_combo_1110.litmus
b+rlx+rel/b+rlx+rel_combo_1111.litmus	b+acq+rel/b+acq+rel_combo_1111.litmus
b+rlx+rlx/b+rlx+rlx_combo_0000.litmus	b+acq+rel/b+acq+rel_combo_0000.litmus
b+rlx+rlx/b+rlx+rlx_combo_0001.litmus	b+acq+rel/b+acq+rel_combo_0001.litmus
b+rlx+rlx/b+rlx+rlx_combo_0010.litmus	b+acq+rel/b+acq+rel_combo_0010.litmus
b+rlx+rlx/b+rlx+rlx_combo_0011.litmus	b+acq+rel/b+acq+rel_combo_0011.litmus
b+rlx+rlx/b+rlx+rlx_combo_0100.litmus	b+acq+rel/b+acq+rel_combo_0100.litmus
b+rlx+rlx/b+rlx+rlx_combo_0101.litmus	b+acq+rel/b+acq+rel_combo_0101.litmus
b+rlx+rlx/b+rlx+rlx_combo_0110.litmus	b+acq+rel/b+acq+rel_combo_0110.litmus
b+rlx+rlx/b+rlx+rlx_combo_0111.litmus	b+acq+rel/b+acq+rel_combo_0111.litmus
b+rlx+rlx/b+rlx+rlx_combo_1000.litmus	b+acq+rel/b+acq+rel_combo_1000.litmus
b+rlx+rlx/b+rlx+rlx_combo_1001.litmus	b+acq+rel/b+acq+rel_combo_1001.litmus
b+rlx+rlx/b+rlx+rlx_combo_1010.litmus	b+acq+rel/b+acq+rel_combo_1010.litmus
b+rlx+rlx/b+rlx+rlx_combo_1011.litmus	b+acq+rel/b+acq+rel_combo_1011.litmus
b+rlx+rlx/b+rlx+rlx_combo_1100.litmus	b+acq+rel/b+acq+rel_combo_1100.litmus
b+rlx+rlx/b+rlx+rlx_combo_1101.litmus	b+acq+rel/b+acq+rel_combo_1101.litmus
b+rlx+rlx/b+rlx+rlx_combo_1110.litmus	b+acq+rel/b+acq+rel_combo_1110.litmus
b+rlx+rlx/b+rlx+rlx_combo_1111.litmus	b+acq+rel/b+acq+rel_combo_1111.litmus
b/b_combo_0000.litmus	b+acq+rel/b+acq+rel_combo_0000.litmus
b/b_combo_0001.litmus	b+acq+rel/b+acq+rel_combo_0001.litmus
b/b_combo_0010.litmus	b+acq+rel/b+acq+rel_combo_0010.litmus
b/b_combo_0011.litmus	b+acq+rel/b+acq+rel_combo_0011.litmus
b/b_combo_0100.litmus	b+acq+rel/b+acq+rel_combo_0100.litmus
b/b_combo_0101.litmus	b+acq+rel/b+acq+rel_combo_0101.litmus
b/b_combo_0110.litmus	b+acq+rel/b+acq+rel_combo_0110.litmus
b/b_combo_0111.litmus	b+acq+rel/b+acq+rel_combo_0111.litmus
b/b_combo_1000.litmus	b+acq+rel/b+acq+rel_combo_1000.litmus
b/b_combo_1001.litmus	b+acq+rel/b+acq+rel_combo_1001.litmus
b/b_combo_1010.litmus	b+acq+rel/b+acq+rel_combo_1010.litmus
b/b_combo_1011.litmus	b+acq+rel/b+acq+rel_combo_1011.litmus
b/b_combo_1100.litmus	b+acq+rel/b+acq+rel_combo_1100.litmus
b/b_combo_1101.litmus	b+acq+rel/b+acq+rel_combo_1101.litmus
b/b_combo_1110.litmus	b+acq+rel/b+acq+rel_combo_1110.litmus
b/b_combo_1111.litmus	b+acq+rel/b+acq+rel_combo_1111.litmus
b_reorder+rel+rlx/b_reorder+rel+rlx_combo_0000.litmus	b_reorder+rel+acq/b_reorder+rel+acq_combo_0000.litmus
b_reorder+rel+rlx/b_reorder+rel+rlx_combo_0001.litmus	b_reorder+rel+acq/b_reorder+rel+acq_combo_0001.litmus
b_reorder+rel+rlx/b_reorder+rel+rlx_combo_0010.litmus	b_reorder+rel+acq/b_reorder+rel+acq_combo_0010.litmus
b_reorder+rel+rlx/b_reorder+rel+rlx_combo_0011.litmus	b_reorder+rel+acq/b_reorder+rel+acq_combo_0011.litmus
b_reorder+rel+rlx/b_reorder+rel+rlx_combo_0100.litmus	b_reorder+rel+acq/b_reorder+rel+acq_combo_0100.litmus
b_reorder+rel+rlx/b_reorder+rel+rlx_combo_0101.litmus	b_reorder+rel+acq/b_reorder+rel+acq_combo_0101.litmus
b_reorder+rel+rlx/b_reorder+rel+rlx_combo_0110.litmus	b_reorder+rel+acq/b_reorder+rel+acq_combo_0110.litmus
b_reorder+rel+rlx/b_reorder+rel+rlx_combo_0111.litmus	b_reorder+rel+acq/b_reorder+rel+acq_combo_0111.litmus
b_reorder+rel+rlx/b_reorder+rel+rlx_combo_1000.litmus	b_reorder+rel+acq/b_reorder+rel+acq_combo_1000.litmus
b_reorder+rel+rlx/b_reorder+rel+rlx_combo_1001.litmus	b_reorder+rel+acq/b_reorder+rel+acq_combo_1001.litmus
b_reorder+rel+rlx/b_reorder+rel+rlx_combo_1010.litmus	b_reorder+rel+acq/b_reorder+rel+acq_combo_1010.litmus
b_reorder+rel+rlx/b_reorder+rel+rlx_combo_1011.litmus	b_reorder+rel+acq/b_reorder+rel+acq_combo_1011.litmus
b_reorder+rel+rlx/b_reorder+rel+rlx_combo_1100.litmus	b_reorder+rel+acq/b_reorder+rel+acq_combo_1100.litmus
b_reorder+rel+rlx/b_reorder+rel+rlx_combo_1101.litmus	b_reorder+rel+acq/b_reorder+rel+acq_combo_1101.litmus
b_reorder+rel+rlx/b_reorder+rel+rlx_combo_1110.litmus	b_reorder+rel+acq/b_reorder+rel+acq_combo_1110.litmus
b_reorder+rel+rlx/b_reorder+rel+rlx_combo_1111.litmus	b_reorder+rel+acq/b_reorder+rel+acq_combo_1111.litmus
b_reorder+rlx+acq/b_reorder+rlx+acq_combo_0000.litmus	b_reorder+rel+acq/b_reorder+rel+acq_combo_0000.litmus
b_reorder+rlx+acq/b_reorder+rlx+acq_combo_0001.litmus	b_reorder+rel+acq/b_reorder+rel+acq_combo_0001.litmus
b_reorder+rlx+acq/b_reorder+rlx+acq_combo_0010.litmus	b_reorder+rel+acq/b_reorder+rel+acq_combo_0010.litmus
b_reorder+rlx+acq/b_reorder+rlx+acq_combo_0011.litmus	b_reorder+rel+acq/b_reorder+rel+acq_combo_0011.litmus
b_reorder+rlx+acq/b_reorder+rlx+acq_combo_0100.litmus	b_reorder+rel+acq/b_reorder+rel+acq_combo_0100.litmus
b_reorder+rlx+acq/b_reorder+rlx+acq_combo_0101.litmus	b_reorder+rel+acq/b_reorder+rel+acq_combo_0101.litmus
b_reorder+rlx+acq/b_reorder+rlx+acq_combo_0110.litmus	b_reorder+rel+acq/b_reorder+rel+acq_combo_0110.litmus
b_reorder+rlx+acq/b_reorder+rlx+acq_combo_0111.litmus	b_reorder+rel+acq/b_reorder+rel+acq_combo_0111.litmus
b_reorder+rlx+acq/b_reorder+rlx+acq_combo_1000.litmus	b_reorder+rel+acq/b_reorder+rel+acq_combo_1000.litmus
b_reorder+rlx+acq/b_reorder+rlx+acq_combo_1001.litmus	b_reorder+rel+acq/b_reorder+rel+acq_combo_1001.litmus
b_reorder+rlx+acq/b_reorder+rlx+acq_combo_1010.litmus	b_reorder+rel+acq/b_reorder+rel+acq_combo_1010.litmus
b_reorder+rlx+acq/b_reorder+rlx+acq_combo_1011.litmus	b_reorder+rel+acq/b_reorder+rel+acq_combo_1011.litmus
b_reorder+rlx+acq/b_reorder+rlx+acq_combo_1100.litmus	b_reorder+rel+acq/b_reorder+rel+acq_combo_1100.litmus
b_reorder+rlx+acq/b_reorder+rlx+acq_combo_1101.litmus	b_reorder+rel+acq/b_reorder+rel+acq_combo_1101.litmus
b_reorder+rlx+acq/b_reorder+rlx+acq_combo_1110.litmus	b_reorder+rel+acq/b_reorder+rel+acq_combo_1110.litmus
b_reorder+rlx+acq/b_reorder+rlx+acq_combo_1111.litmus	b_reorder+rel+acq/b_reorder+rel+acq_combo_1111.litmus
b_reorder+rlx+rlx/b_reorder+rlx+rlx_combo_0000.litmus	b_reorder+rel+acq/b_reorder+rel+acq_combo_0000.litmus
b_reorder+rlx+rlx/b_reorder+rlx+rlx_combo_0001.litmus	b_reorder+rel+acq/b_reorder+rel+acq_combo_0001.litmus
b_reorder+rlx+rlx/b_reorder+rlx+rlx_combo_0010.litmus	b_reorder+rel+acq/b_reorder+rel+acq_combo_0010.litmus
b_reorder+rlx+rlx/b_reorder+rlx+rlx_combo_0011.litmus	b_reorder+rel+acq/b_reorder+rel+acq_combo_0011.litmus
b_reorder+rlx+rlx/b_reorder+rlx+rlx_combo_0100.litmus	b_reorder+rel+acq/b_reorder+rel+acq_combo_0100.litmus
b_reorder+rlx+rlx/b_reorder+rlx+rlx_combo_0101.litmus	b_reorder+rel+acq/b_reorder+rel+acq_combo_0101.litmus
b_reorder+rlx+rlx/b_reorder+rlx+rlx_combo_0110.litmus	b_reorder+rel+acq/b_reorder+rel+acq_combo_0110.litmus
b_reorder+rlx+rlx/b_reorder+rlx+rlx_combo_0111.litmus	b_reorder+rel+acq/b_reorder+rel+acq_combo_0111.litmus
b_reorder+rlx+rlx/b_reorder+rlx+rlx_combo_1000.litmus	b_reorder+rel+acq/b_reorder+rel+acq_combo_1000.litmus
b_reorder+rlx+rlx/b_reorder+rlx+rlx_combo_1001.litmus	b_reorder+rel+acq/b_reorder+rel+acq_combo_1001.litmus
b_reorder+rlx+rlx/b_reorder+rlx+rlx_combo_1010.litmus	b_reorder+rel+acq/b_reorder+rel+acq_combo_1010.litmus
b_reorder+rlx+rlx/b_reorder+rlx+rlx_combo_1011.litmus	b_reorder+rel+acq/b_reorder+rel+acq_combo_1011.litmus
b_reorder+rlx+rlx/b_reorder+rlx+rlx_combo_1100.litmus	b_reorder+rel+acq/b_reorder+rel+acq_combo_1100.litmus
b_reorder+rlx+rlx/b_reorder+rlx+rlx_combo_1101.litmus	b_reorder+rel+acq/b_reorder+rel+acq_combo_1101.litmus
b_reorder+rlx+rlx/b_reorder+rlx+rlx_combo_1110.litmus	b_reorder+rel+acq/b_reorder+rel+acq_combo_1110.litmus
b_reorder+rlx+rlx/b_reorder+rlx+rlx_combo_1111.litmus	b_reorder+rel+acq/b_reorder+rel+acq_combo_1111.litmus
b_reorder/b_reorder_combo_0000.litmus	b_reorder+rel+acq/b_reorder+rel+acq_combo_0000.litmus
b_reorder/b_reorder_combo_0001.litmus	b_reorder+rel+acq/b_reorder+rel+acq_combo_0001.litmus
b_reorder/b_reorder_combo_0010.litmus	b_reorder+rel+acq/b_reorder+rel+acq_combo_0010.litmus
b_reorder/b_reorder_combo_0011.litmus	b_reorder+rel+acq/b_reorder+rel+acq_combo_0011.litmus
b_reorder/b_reorder_combo_0100.litmus	b_reorder+rel+acq/b_reorder+rel+acq_combo_0100.litmus
b_reorder/b_reorder_combo_0101.litmus	b_reorder+rel+acq/b_reorder+rel+acq_combo_0101.litmus
b_reorder/b_reorder_combo_0110.litmus	b_reorder+rel+acq/b_reorder+rel+acq_combo_0110.litmus
b_reorder/b_reorder_combo_0111.litmus	b_reorder+rel+acq/b_reorder+rel+acq_combo_0111.litmus
b_reorder/b_reorder_combo_1000.litmus	b_reorder+rel+acq/b_reorder+rel+acq_combo_1000.litmus
b_reorder/b_reorder_combo_1001.litmus	b_reorder+rel+acq/b_reorder+rel+acq_combo_1001.litmus
b_reorder/b_reorder_combo_1010.litmus	b_reorder+rel+acq/b_reorder+rel+acq_combo_1010.litmus
b_reorder/b_reorder_combo_1011.litmus	b_reorder+rel+acq/b_reorder+rel+acq_combo_1011.litmus
b_reorder/b_reorder_combo_1100.litmus	b_reorder+rel+acq/b_reorder+rel+acq_combo_1100.litmus
b_reorder/b_reorder_combo_1101.litmus	b_reorder+rel+acq/b_reorder+rel+acq_combo_1101.litmus
b_reorder/b_reorder_combo_1110.litmus	b_reorder+rel+acq/b_reorder+rel+acq_combo_1110.litmus
b_reorder/b_reorder_combo_1111.litmus	b_reorder+rel+acq/b_reorder+rel+acq_combo_1111.litmus
cyc_na/cyc_na_combo_0000.litmus	cyc/cyc_combo_0000.litmus
cyc_na/cyc_na_combo_0001.litmus	cyc/cyc_combo_0001.litmus
cyc_na/cyc_na_combo_0010.litmus	cyc/cyc_combo_0010.litmus
cyc_na/cyc_na_combo_0011.litmus	cyc/cyc_combo_0011.litmus
cyc_na/cyc_na_combo_0100.litmus	cyc/cyc_combo_0100.litmus
cyc_na/cyc_na_combo_0101.litmus	cyc/cyc_combo_0101.litmus
cyc_na/cyc_na_combo_0110.litmus	cyc/cyc_combo_0110.litmus
cyc_na/cyc_na_combo_0111.litmus	cyc/cyc_combo_0111.litmus
cyc_na/cyc_na_combo_1000.litmus	cyc/cyc_combo_1000.litmus
cyc_na/cyc_na_combo_1001.litmus	cyc/cyc_combo_1001.litmus
cyc_na/cyc_na_combo_1010.litmus	cyc/cyc_combo_1010.litmus
cyc_na/cyc_na_combo_1011.litmus	cyc/cyc_combo_1011.litmus
cyc_na/cyc_na_combo_1100.litmus	cyc/cyc_combo_1100.litmus
cyc_na/cyc_na_combo_1101.litmus	cyc/cyc_combo_1101.litmus
cyc_na/cyc_na_combo_1110.litmus	cyc/cyc_combo_1110.litmus
cyc_na/cyc_na_combo_1111.litmus	cyc/cyc_combo_1111.litmus
lb/lb_combo_0000.litmus	b+acq+rel/b+acq+rel_combo_0000.litmus
lb/lb_combo_0001.litmus	b+acq+rel/b+acq+rel_combo_0001.litmus
lb/lb_combo_0010.litmus	b+acq+rel/b+acq+rel_combo_0010.litmus
lb/lb_combo_0011.litmus	b+acq+rel/b+acq+rel_combo_0011.litmus
lb/lb_combo_0100.litmus	b+acq+rel/b+acq+rel_combo_0100.litmus
lb/lb_combo_0101.litmus	b+acq+rel/b+acq+rel_combo_0101.litmus
lb/lb_combo_0110.litmus	b+acq+rel/b+acq+rel_combo_0110.litmus
lb/lb_combo_0111.litmus	b+acq+rel/b+acq+rel_combo_0111.litmus
lb/lb_combo_1000.litmus	b+acq+rel/b+acq+rel_combo_1000.litmus
lb/lb_combo_1001.litmus	b+acq+rel/b+acq+rel_combo_1001.litmus
lb/lb_combo_1010.litmus	b+acq+rel/b+acq+rel_combo_1010.litmus
lb/lb_combo_1011.litmus	b+acq+rel/b+acq+rel_combo_1011.litmus
lb/lb_combo_1100.litmus	b+acq+rel/b+acq+rel_combo_1100.litmus
lb/lb_combo_1101.litmus	b+acq+rel/b+acq+rel_combo_1101.litmus
lb/lb_combo_1110.litmus	b+acq+rel/b+acq+rel_combo_1110.litmus
lb/lb_combo_1111.litmus	b+acq+rel/b+acq+rel_combo_1111.litmus
strengthen/strengthen_combo_00000000.litmus	roachmotel2/roachmotel2_combo_00000000.litmus
strengthen/strengthen_combo_00000001.litmus	roachmotel2/roachmotel2_combo_00000001.litmus
strengthen/strengthen_combo_00000010.litmus	roachmotel2/roachmotel2_combo_00000010.litmus
strengthen/strengthen_combo_00000011.litmus	roachmotel2/roachmotel2_combo_00000011.litmus
strengthen/strengthen_combo_00000100.litmus	roachmotel2/roachmotel2_combo_00000100.litmus
strengthen/strengthen_combo_00000101.litmus	roachmotel2/roachmotel2_combo_00000101.litmus
strengthen/strengthen_combo_00000110.litmus	roachmotel2/roachmotel2_combo_00000110.litmus
strengthen/strengthen_combo_00000111.litmus	roachmotel2/roachmotel2_combo_00000111.litmus
strengthen/strengthen_combo_00001000.litmus	roachmotel2/roachmotel2_combo_00001000.litmus
strengthen/strengthen_combo_00001001.litmus	roachmotel2/roachmotel2_combo_00001001.litmus
strengthen/strengthen_combo_00001010.litmus	roachmotel2/roachmotel2_combo_00001010.litmus
strengthen/strengthen_combo_00001011.litmus	roachmotel2/roachmotel2_combo_00001011.litmus
strengthen/strengthen_combo_00001100.litmus	roachmotel2/roachmotel2_combo_00001100.litmus
strengthen/strengthen_combo_00001101.litmus	roachmotel2/roachmotel2_combo_00001101.litmus
strengthen/strengthen_combo_00001110.litmus	roachmotel2/roachmotel2_combo_00001110.litmus
strengthen/strengthen_combo_00001111.litmus	roachmotel2/roachmotel2_combo_00001111.litmus
strengthen/strengthen_combo_00010000.litmus	roachmotel2/roachmotel2_combo_00010000.litmus
strengthen/strengthen_combo_00010001.litmus	roachmotel2/roachmotel2_combo_00010001.litmus
strengthen/strengthen_combo_00010010.litmus	roachmotel2/roachmotel2_combo_00010010.litmus
strengthen/strengthen_combo_00010011.litmus	roachmotel2/roachmotel2_combo_00010011.litmus
strengthen/strengthen_combo_00010100.litmus	roachmotel2/roachmotel2_combo_00010100.litmus
strengthen/strengthen_combo_00010101.litmus	roachmotel2/roachmotel2_combo_00010101.litmus
strengthen/strengthen_combo_00010110.litmus	roachmotel2/roachmotel2_combo_00010110.litmus
strengthen/strengthen_combo_00010111.litmus	roachmotel2/roachmotel2_combo_00010111.litmus
strengthen/strengthen_combo_00011000.litmus	roachmotel2/roachmotel2_combo_00011000.litmus
strengthen/strengthen_combo_00011001.litmus	roachmotel2/roachmotel2_combo_00011001.litmus
strengthen/strengthen_combo_00011010.litmus	roachmotel2/roachmotel2_combo_00011010.litmus
strengthen/strengthen_combo_00011011.litmus	roachmotel2/roachmotel2_combo_00011011.litmus
strengthen/strengthen_combo_00011100.litmus	roachmotel2/roachmotel2_combo_00011100.litmus
strengthen/strengthen_combo_00011101.litmus	roachmotel2/roachmotel2_combo_00011101.litmus
strengthen/strengthen_combo_00011110.litmus	roachmotel2/roachmotel2_combo_00011110.litmus
strengthen/strengthen_combo_00011111.litmus	roachmotel2/roachmotel2_combo_00011111.litmus
strengthen/strengthen_combo_00100000.litmus	roachmotel2/roachmotel2_combo_00100000.litmus
strengthen/strengthen_combo_00100001.litmus	roachmotel2/roachmotel2_combo_00100001.litmus
strengthen/strengthen_combo_00100010.litmus	roachmotel2/roachmotel2_combo_00100010.litmus
strengthen/strengthen_combo_00100011.litmus	roachmotel2/roachmotel2_combo_00100011.litmus
strengthen/strengthen_combo_00100100.litmus	roachmotel2/roachmotel2_combo_00100100.litmus
strengthen/strengthen_combo_00100101.litmus	roachmotel2/roachmotel2_combo_00100101.litmus
strengthen/strengthen_combo_00100110.litmus	roachmotel2/roachmotel2_combo_00100110.litmus
strengthen/strengthen_combo_00100111.litmus	roachmotel2/roachmotel2_combo_00100111.litmus
strengthen/strengthen_combo_00101000.litmus	roachmotel2/roachmotel2_combo_00101000.litmus
strengthen/strengthen_combo_00101001.litmus	roachmotel2/roachmotel2_combo_00101001.litmus
strengthen/strengthen_combo_00101010.litmus	roachmotel2/roachmotel2_combo_00101010.litmus
strengthen/strengthen_combo_00101011.litmus	roachmotel2/roachmotel2_combo_00101011.litmus
strengthen/strengthen_combo_00101100.litmus	roachmotel2/roachmotel2_combo_00101100.litmus
strengthen/strengthen_combo_00101101.litmus	roachmotel2/roachmotel2_combo_00101101.litmus
strengthen/strengthen_combo_00101110.litmus	roachmotel2/roachmotel2_combo_00101110.litmus
strengthen/strengthen_combo_00101111.litmus	roachmotel2/roachmotel2_combo_00101111.litmus
strengthen/strengthen_combo_00110000.litmus	roachmotel2/roachmotel2_combo_00110000.litmus
strengthen/strengthen_combo_00110001.litmus	roachmotel2/roachmotel2_combo_00110001.litmus
strengthen/strengthen_combo_00110010.litmus	roachmotel2/roachmotel2_combo_00110010.litmus
strengthen/strengthen_combo_00110011.litmus	roachmotel2/roachmotel2_combo_00110011.litmus
strengthen/strengthen_combo_00110100.litmus	roachmotel2/roachmotel2_combo_00110100.litmus
strengthen/strengthen_combo_00110101.litmus	roachmotel2/roachmotel2_combo_00110101.litmus
strengthen/strengthen_combo_00110110.litmus	roachmotel2/roachmotel2_combo_00110110.litmus
strengthen/strengthen_combo_00110111.litmus	roachmotel2/roachmotel2_combo_00110111.litmus
strengthen/strengthen_combo_00111000.litmus	roachmotel2/roachmotel2_combo_00111000.litmus
strengthen/strengthen_combo_00111001.litmus	roachmotel2/roachmotel2_combo_00111001.litmus
strengthen/strengthen_combo_00111010.litmus	roachmotel2/roachmotel2_combo_00111010.litmus
strengthen/strengthen_combo_00111011.litmus	roachmotel2/roachmotel2_combo_00111011.litmus
strengthen/strengthen_combo_00111100.litmus	roachmotel2/roachmotel2_combo_00111100.litmus
strengthen/strengthen_combo_00111101.litmus	roachmotel2/roachmotel2_combo_00111101.litmus
strengthen/strengthen_combo_00111110.litmus	roachmotel2/roachmotel2_combo_00111110.litmus
strengthen/strengthen_combo_00111111.litmus	roachmotel2/roachmotel2_combo_00111111.litmus
strengthen/strengthen_combo_01000000.litmus	roachmotel2/roachmotel2_combo_01000000.litmus
strengthen/strengthen_combo_01000001.litmus	roachmotel2/roachmotel2_combo_01000001.litmus
strengthen/strengthen_combo_01000010.litmus	roachmotel2/roachmotel2_combo_01000010.litmus
strengthen/strengthen_combo_01000011.litmus	roachmotel2/roachmotel2_combo_01000011.litmus
strengthen/strengthen_combo_01000100.litmus	roachmotel2/roachmotel2_combo_01000100.litmus
strengthen/strengthen_combo_01000101.litmus	roachmotel2/roachmotel2_combo_01000101.litmus
strengthen/strengthen_combo_01000110.litmus	roachmotel2/roachmotel2_combo_01000110.litmus
strengthen/strengthen_combo_01000111.litmus	roachmotel2/roachmotel2_combo_01000111.litmus
strengthen/strengthen_combo_01001000.litmus	roachmotel2/roachmotel2_combo_01001000.litmus
strengthen/strengthen_combo_01001001.litmus	roachmotel2/roachmotel2_combo_01001001.litmus
strengthen/strengthen_combo_01001010.litmus	roachmotel2/roachmotel2_combo_01001010.litmus
strengthen/strengthen_combo_01001011.litmus	roachmotel2/roachmotel2_combo_01001011.litmus
strengthen/strengthen_combo_01001100.litmus	roachmotel2/roachmotel2_combo_01001100.litmus
strengthen/strengthen_combo_01001101.litmus	roachmotel2/roachmotel2_combo_01001101.litmus
strengthen/strengthen_combo_01001110.litmus	roachmotel2/roachmotel2_combo_01001110.litmus
strengthen/strengthen_combo_01001111.litmus	roachmotel2/roachmotel2_combo_01001111.litmus
strengthen/strengthen_combo_01010000.litmus	roachmotel2/roachmotel2_combo_01010000.litmus
strengthen/strengthen_combo_01010001.litmus	roachmotel2/roachmotel2_combo_01010001.litmus
strengthen/strengthen_combo_01010010.litmus	roachmotel2/roachmotel2_combo_01010010.litmus
strengthen/strengthen_combo_01010011.litmus	roachmotel2/roachmotel2_combo_01010011.litmus
strengthen/strengthen_combo_01010100.litmus	roachmotel2/roachmotel2_combo_01010100.litmus
strengthen/strengthen_combo_01010101.litmus	roachmotel2/roachmotel2_combo_01010101.litmus
strengthen/strengthen_combo_01010110.litmus	roachmotel2/roachmotel2_combo_01010110.litmus
strengthen/strengthen_combo_01010111.litmus	roachmotel2/roachmotel2_combo_01010111.litmus
strengthen/strengthen_combo_01011000.litmus	roachmotel2/roachmotel2_combo_01011000.litmus
strengthen/strengthen_combo_01011001.litmus	roachmotel2/roachmotel2_combo_01011001.litmus
strengthen/strengthen_combo_01011010.litmus	roachmotel2/roachmotel2_combo_01011010.litmus
strengthen/strengthen_combo_01011011.litmus	roachmotel2/roachmotel2_combo_01011011.litmus
strengthen/strengthen_combo_01011100.litmus	roachmotel2/roachmotel2_combo_01011100.litmus
strengthen/strengthen_combo_01011101.litmus	roachmotel2/roachmotel2_combo_01011101.litmus
strengthen/strengthen_combo_01011110.litmus	roachmotel2/roachmotel2_combo_01011110.litmus
strengthen/strengthen_combo_01011111.litmus	roachmotel2/roachmotel2_combo_01011111.litmus
strengthen/strengthen_combo_01100000.litmus	roachmotel2/roachmotel2_combo_01100000.litmus
strengthen/strengthen_combo_01100001.litmus	roachmotel2/roachmotel2_combo_01100001.litmus
strengthen/strengthen_combo_01100010.litmus	roachmotel2/roachmotel2_combo_01100010.litmus
strengthen/strengthen_combo_01100011.litmus	roachmotel2/roachmotel2_combo_01100011.litmus
strengthen/strengthen_combo_01100100.litmus	roachmotel2/roachmotel2_combo_01100100.litmus
strengthen/strengthen_combo_01100101.litmus	roachmotel2/roachmotel2_combo_01100101.litmus
strengthen/strengthen_combo_01100110.litmus	roachmotel2/roachmotel2_combo_01100110.litmus
strengthen/strengthen_combo_01100111.litmus	roachmotel2/roachmotel2_combo_01100111.litmus
strengthen/strengthen_combo_01101000.litmus	roachmotel2/roachmotel2_combo_01101000.litmus
strengthen/strengthen_combo_01101001.litmus	roachmotel2/roachmotel2_combo_01101001.litmus
strengthen/strengthen_combo_01101010.litmus	roachmotel2/roachmotel2_combo_01101010.litmus
strengthen/strengthen_combo_01101011.litmus	roachmotel2/roachmotel2_combo_01101011.litmus
strengthen/strengthen_combo_01101100.litmus	roachmotel2/roachmotel2_combo_01101100.litmus
strengthen/strengthen_combo_01101101.litmus	roachmotel2/roachmotel2_combo_01101101.litmus
strengthen/strengthen_combo_01101110.litmus	roachmotel2/roachmotel2_combo_01101110.litmus
strengthen/strengthen_combo_01101111.litmus	roachmotel2/roachmotel2_combo_01101111.litmus
strengthen/strengthen_combo_01110000.litmus	roachmotel2/roachmotel2_combo_01110000.litmus
strengthen/strengthen_combo_01110001.litmus	roachmotel2/roachmotel2_combo_01110001.litmus
strengthen/strengthen_combo_01110010.litmus	roachmotel2/roachmotel2_combo_01110010.litmus
strengthen/strengthen_combo_01110011.litmus	roachmotel2/roachmotel2_combo_01110011.litmus
strengthen/strengthen_combo_01110100.litmus	roachmotel2/roachmotel2_combo_01110100.litmus
strengthen/strengthen_combo_01110101.litmus	roachmotel2/roachmotel2_combo_01110101.litmus
strengthen/strengthen_combo_01110110.litmus	roachmotel2/roachmotel2_combo_01110110.litmus
strengthen/strengthen_combo_01110111.litmus	roachmotel2/roachmotel2_combo_01110111.litmus
strengthen/strengthen_combo_01111000.litmus	roachmotel2/roachmotel2_combo_01111000.litmus
strengthen/strengthen_combo_01111001.litmus	roachmotel2/roachmotel2_combo_01111001.litmus
strengthen/strengthen_combo_01111010.litmus	roachmotel2/roachmotel2_combo_01111010.litmus
strengthen/strengthen_combo_01111011.litmus	roachmotel2/roachmotel2_combo_01111011.litmus
strengthen/strengthen_combo_01111100.litmus	roachmotel2/roachmotel2_combo_01111100.litmus
strengthen/strengthen_combo_01111101.litmus	roachmotel2/roachmotel2_combo_01111101.litmus
strengthen/strengthen_combo_01111110.litmus	roachmotel2/roachmotel2_combo_01111110.litmus
strengthen/strengthen_combo_01111111.litmus	roachmotel2/roachmotel2_combo_01111111.litmus
strengthen/strengthen_combo_10000000.litmus	roachmotel2/roachmotel2_combo_10000000.litmus
strengthen/strengthen_combo_10000001.litmus	roachmotel2/roachmotel2_combo_10000001.litmus
strengthen/strengthen_combo_10000010.litmus	roachmotel2/roachmotel2_combo_10000010.litmus
strengthen/strengthen_combo_10000011.litmus	roachmotel2/roachmotel2_combo_10000011.litmus
strengthen/strengthen_combo_10000100.litmus	roachmotel2/roachmotel2_combo_10000100.litmus
strengthen/strengthen_combo_10000101.litmus	roachmotel2/roachmotel2_combo_10000101.litmus
strengthen/strengthen_combo_10000110.litmus	roachmotel2/roachmotel2_combo_10000110.litmus
strengthen/strengthen_combo_10000111.litmus	roachmotel2/roachmotel2_combo_10000111.litmus
strengthen/strengthen_combo_10001000.litmus	roachmotel2/roachmotel2_combo_10001000.litmus
strengthen/strengthen_combo_10001001.litmus	roachmotel2/roachmotel2_combo_10001001.litmus
strengthen/strengthen_combo_10001010.litmus	roachmotel2/roachmotel2_combo_10001010.litmus
strengthen/strengthen_combo_10001011.litmus	roachmotel2/roachmotel2_combo_10001011.litmus
strengthen/strengthen_combo_10001100.litmus	roachmotel2/roachmotel2_combo_10001100.litmus
strengthen/strengthen_combo_10001101.litmus	roachmotel2/roachmotel2_combo_10001101.litmus
strengthen/strengthen_combo_10001110.litmus	roachmotel2/roachmotel2_combo_10001110.litmus
strengthen/strengthen_combo_10001111.litmus	roachmotel2/roachmotel2_combo_10001111.litmus
strengthen/strengthen_combo_10010000.litmus	roachmotel2/roachmotel2_combo_10010000.litmus
strengthen/strengthen_combo_10010001.litmus	roachmotel2/roachmotel2_combo_10010001.litmus
strengthen/strengthen_combo_10010010.litmus	roachmotel2/roachmotel2_combo_10010010.litmus
strengthen/strengthen_combo_10010011.litmus	roachmotel2/roachmotel2_combo_10010011.litmus
strengthen/strengthen_combo_10010100.litmus	roachmotel2/roachmotel2_combo_10010100.litmus
strengthen/strengthen_combo_10010101.litmus	roachmotel2/roachmotel2_combo_10010101.litmus
strengthen/strengthen_combo_10010110.litmus	roachmotel2/roachmotel2_combo_10010110.litmus
strengthen/strengthen_combo_10010111.litmus	roachmotel2/roachmotel2_combo_10010111.litmus
strengthen/strengthen_combo_10011000.litmus	roachmotel2/roachmotel2_combo_10011000.litmus
strengthen/strengthen_combo_10011001.litmus	roachmotel2/roachmotel2_combo_10011001.litmus
strengthen/strengthen_combo_10011010.litmus	roachmotel2/roachmotel2_combo_10011010.litmus
strengthen/strengthen_combo_10011011.litmus	roachmotel2/roachmotel2_combo_10011011.litmus
strengthen/strengthen_combo_10011100.litmus	roachmotel2/roachmotel2_combo_10011100.litmus
strengthen/strengthen_combo_10011101.litmus	roachmotel2/roachmotel2_combo_10011101.litmus
strengthen/strengthen_combo_10011110.litmus	roachmotel2/roachmotel2_combo_10011110.litmus
strengthen/strengthen_combo_10011111.litmus	roachmotel2/roachmotel2_combo_10011111.litmus
strengthen/strengthen_combo_10100000.litmus	roachmotel2/roachmotel2_combo_10100000.litmus
strengthen/strengthen_combo_10100001.litmus	roachmotel2/roachmotel2_combo_10100001.litmus
strengthen/strengthen_combo_10100010.litmus	roachmotel2/roachmotel2_combo_10100010.litmus
strengthen/strengthen_combo_10100011.litmus	roachmotel2/roachmotel2_combo_10100011.litmus
strengthen/strengthen_combo_10100100.litmus	roachmotel2/roachmotel2_combo_10100100.litmus
strengthen/strengthen_combo_10100101.litmus	roachmotel2/roachmotel2_combo_10100101.litmus
strengthen/strengthen_combo_10100110.litmus	roachmotel2/roachmotel2_combo_10100110.litmus
strengthen/strengthen_combo_10100111.litmus	roachmotel2/roachmotel2_combo_10100111.litmus
strengthen/strengthen_combo_10101000.litmus	roachmotel2/roachmotel2_combo_10101000.litmus
strengthen/strengthen_combo_10101001.litmus	roachmotel2/roachmotel2_combo_10101001.litmus
strengthen/strengthen_combo_10101010.litmus	roachmotel2/roachmotel2_combo_10101010.litmus
strengthen/strengthen_combo_10101011.litmus	roachmotel2/roachmotel2_combo_10101011.litmus
strengthen/strengthen_combo_10101100.litmus	roachmotel2/roachmotel2_combo_10101100.litmus
strengthen/strengthen_combo_10101101.litmus	roachmotel2/roachmotel2_combo_10101101.litmus
strengthen/strengthen_combo_10101110.litmus	roachmotel2/roachmotel2_combo_10101110.litmus
strengthen/strengthen_combo_10101111.litmus	roachmotel2/roachmotel2_combo_10101111.litmus
strengthen/strengthen_combo_10110000.litmus	roachmotel2/roachmotel2_combo_10110000.litmus
strengthen/strengthen_combo_10110001.litmus	roachmotel2/roachmotel2_combo_10110001.litmus
strengthen/strengthen_combo_10110010.litmus	roachmotel2/roachmotel2_combo_10110010.litmus
strengthen/strengthen_combo_10110011.litmus	roachmotel2/roachmotel2_combo_10110011.litmus
strengthen/strengthen_combo_10110100.litmus	roachmotel2/roachmotel2_combo_10110100.litmus
strengthen/strengthen_combo_10110101.litmus	roachmotel2/roachmotel2_combo_10110101.litmus
strengthen/strengthen_combo_10110110.litmus	roachmotel2/roachmotel2_combo_10110110.litmus
strengthen/strengthen_combo_10110111.litmus	roachmotel2/roachmotel2_combo_10110111.litmus
strengthen/strengthen_combo_10111000.litmus	roachmotel2/roachmotel2_combo_10111000.litmus
strengthen/strengthen_combo_10111001.litmus	roachmotel2/roachmotel2_combo_10111001.litmus
strengthen/strengthen_combo_10111010.litmus	roachmotel2/roachmotel2_combo_10111010.litmus
strengthen/strengthen_combo_10111011.litmus	roachmotel2/roachmotel2_combo_10111011.litmus
strengthen/strengthen_combo_10111100.litmus	roachmotel2/roachmotel2_combo_10111100.litmus
strengthen/strengthen_combo_10111101.litmus	roachmotel2/roachmotel2_combo_10111101.litmus
strengthen/strengthen_combo_10111110.litmus	roachmotel2/roachmotel2_combo_10111110.litmus
strengthen/strengthen_combo_10111111.litmus	roachmotel2/roachmotel2_combo_10111111.litmus
strengthen/strengthen_combo_11000000.litmus	roachmotel2/roachmotel2_combo_11000000.litmus
strengthen/strengthen_combo_11000001.litmus	roachmotel2/roachmotel2_combo_11000001.litmus
strengthen/strengthen_combo_11000010.litmus	roachmotel2/roachmotel2_combo_11000010.litmus
strengthen/strengthen_combo_11000011.litmus	roachmotel2/roachmotel2_combo_11000011.litmus
strengthen/strengthen_combo_11000100.litmus	roachmotel2/roachmotel2_combo_11000100.litmus
strengthen/strengthen_combo_11000101.litmus	roachmotel2/roachmotel2_combo_11000101.litmus
strengthen/strengthen_combo_11000110.litmus	roachmotel2/roachmotel2_combo_11000110.litmus
strengthen/strengthen_combo_11000111.litmus	roachmotel2/roachmotel2_combo_11000111.litmus
strengthen/strengthen_combo_11001000.litmus	roachmotel2/roachmotel2_combo_11001000.litmus
strengthen/strengthen_combo_11001001.litmus	roachmotel2/roachmotel2_combo_11001001.litmus
strengthen/strengthen_combo_11001010.litmus	roachmotel2/roachmotel2_combo_11001010.litmus
strengthen/strengthen_combo_11001011.litmus	roachmotel2/roachmotel2_combo_11001011.litmus
strengthen/strengthen_combo_11001100.litmus	roachmotel2/roachmotel2_combo_11001100.litmus
strengthen/strengthen_combo_11001101.litmus	roachmotel2/roachmotel2_combo_11001101.litmus
strengthen/strengthen_combo_11001110.litmus	roachmotel2/roachmotel2_combo_11001110.litmus
strengthen/strengthen_combo_11001111.litmus	roachmotel2/roachmotel2_combo_11001111.litmus
strengthen/strengthen_combo_11010000.litmus	roachmotel2/roachmotel2_combo_11010000.litmus
strengthen/strengthen_combo_11010001.litmus	roachmotel2/roachmotel2_combo_11010001.litmus
strengthen/strengthen_combo_11010010.litmus	roachmotel2/roachmotel2_combo_11010010.litmus
strengthen/strengthen_combo_11010011.litmus	roachmotel2/roachmotel2_combo_11010011.litmus
strengthen/strengthen_combo_11010100.litmus	roachmotel2/roachmotel2_combo_11010100.litmus
strengthen/strengthen_combo_11010101.litmus	roachmotel2/roachmotel2_combo_11010101.litmus
strengthen/strengthen_combo_11010110.litmus	roachmotel2/roachmotel2_combo_11010110.litmus
strengthen/strengthen_combo_11010111.litmus	roachmotel2/roachmotel2_combo_11010111.litmus
strengthen/strengthen_combo_11011000.litmus	roachmotel2/roachmotel2_combo_11011000.litmus
strengthen/strengthen_combo_11011001.litmus	roachmotel2/roachmotel2_combo_11011001.litmus
strengthen/strengthen_combo_11011010.litmus	roachmotel2/roachmotel2_combo_11011010.litmus
strengthen/strengthen_combo_11011011.litmus	roachmotel2/roachmotel2_combo_11011011.litmus
strengthen/strengthen_combo_11011100.litmus	roachmotel2/roachmotel2_combo_11011100.litmus
strengthen/strengthen_combo_11011101.litmus	roachmotel2/roachmotel2_combo_11011101.litmus
strengthen/strengthen_combo_11011110.litmus	roachmotel2/roachmotel2_combo_11011110.litmus
strengthen/strengthen_combo_11011111.litmus	roachmotel2/roachmotel2_combo_11011111.litmus
strengthen/strengthen_combo_11100000.litmus	roachmotel2/roachmotel2_combo_11100000.litmus
strengthen/strengthen_combo_11100001.litmus	roachmotel2/roachmotel2_combo_11100001.litmus
strengthen/strengthen_combo_11100010.litmus	roachmotel2/roachmotel2_combo_11100010.litmus
strengthen/strengthen_combo_11100011.litmus	roachmotel2/roachmotel2_combo_11100011.litmus
strengthen/strengthen_combo_11100100.litmus	roachmotel2/roachmotel2_combo_11100100.litmus
strengthen/strengthen_combo_11100101.litmus	roachmotel2/roachmotel2_combo_11100101.litmus
strengthen/strengthen_combo_11100110.litmus	roachmotel2/roachmotel2_combo_11100110.litmus
strengthen/strengthen_combo_11100111.litmus	roachmotel2/roachmotel2_combo_11100111.litmus
strengthen/strengthen_combo_11101000.litmus	roachmotel2/roachmotel2_combo_11101000.litmus
strengthen/strengthen_combo_11101001.litmus	roachmotel2/roachmotel2_combo_11101001.litmus
strengthen/strengthen_combo_11101010.litmus	roachmotel2/roachmotel2_combo_11101010.litmus
strengthen/strengthen_combo_11101011.litmus	roachmotel2/roachmotel2_combo_11101011.litmus
strengthen/strengthen_combo_11101100.litmus	roachmotel2/roachmotel2_combo_11101100.litmus
strengthen/strengthen_combo_11101101.litmus	roachmotel2/roachmotel2_combo_11101101.litmus
strengthen/strengthen_combo_11101110.litmus	roachmotel2/roachmotel2_combo_11101110.litmus
strengthen/strengthen_combo_11101111.litmus	roachmotel2/roachmotel2_combo_11101111.litmus
strengthen/strengthen_combo_11110000.litmus	roachmotel2/roachmotel2_combo_11110000.litmus
strengthen/strengthen_combo_11110001.litmus	roachmotel2/roachmotel2_combo_11110001.litmus
strengthen/strengthen_combo_11110010.litmus	roachmotel2/roachmotel2_combo_11110010.litmus
strengthen/strengthen_combo_11110011.litmus	roachmotel2/roachmotel2_combo_11110011.litmus
strengthen/strengthen_combo_11110100.litmus	roachmotel2/roachmotel2_combo_11110100.litmus
strengthen/strengthen_combo_11110101.litmus	roachmotel2/roachmotel2_combo_11110101.litmus
strengthen/strengthen_combo_11110110.litmus	roachmotel2/roachmotel2_combo_11110110.litmus
strengthen/strengthen_combo_11110111.litmus	roachmotel2/roachmotel2_combo_11110111.litmus
strengthen/strengthen_combo_11111000.litmus	roachmotel2/roachmotel2_combo_11111000.litmus
strengthen/strengthen_combo_11111001.litmus	roachmotel2/roachmotel2_combo_11111001.litmus
strengthen/strengthen_combo_11111010.litmus	roachmotel2/roachmotel2_combo_11111010.litmus
strengthen/strengthen_combo_11111011.litmus	roachmotel2/roachmotel2_combo_11111011.litmus
strengthen/strengthen_combo_11111100.litmus	roachmotel2/roachmotel2_combo_11111100.litmus
strengthen/strengthen_combo_11111101.litmus	roachmotel2/roachmotel2_combo_11111101.litmus
strengthen/strengthen_combo_11111110.litmus	roachmotel2/roachmotel2_combo_11111110.litmus
strengthen/strengthen_combo_11111111.litmus	roachmotel2/roachmotel2_combo_11111111.litmus
strengthen2/strengthen2_combo_00000000.litmus	roachmotel2/roachmotel2_combo_00000000.litmus
strengthen2/strengthen2_combo_00000001.litmus	roachmotel2/roachmotel2_combo_00000001.litmus
strengthen2/strengthen2_combo_00000010.litmus	roachmotel2/roachmotel2_combo_00000010.litmus
strengthen2/strengthen2_combo_00000011.litmus	roachmotel2/roachmotel2_combo_00000011.litmus
strengthen2/strengthen2_combo_00000100.litmus	roachmotel2/roachmotel2_combo_00000100.litmus
strengthen2/strengthen2_combo_00000101.litmus	roachmotel2/roachmotel2_combo_00000101.litmus
strengthen2/strengthen2_combo_00000110.litmus	roachmotel2/roachmotel2_combo_00000110.litmus
strengthen2/strengthen2_combo_00000111.litmus	roachmotel2/roachmotel2_combo_00000111.litmus
strengthen2/strengthen2_combo_00001000.litmus	roachmotel2/roachmotel2_combo_00001000.litmus
strengthen2/strengthen2_combo_00001001.litmus	roachmotel2/roachmotel2_combo_00001001.litmus
strengthen2/strengthen2_combo_00001010.litmus	roachmotel2/roachmotel2_combo_00001010.litmus
strengthen2/strengthen2_combo_00001011.litmus	roachmotel2/roachmotel2_combo_00001011.litmus
strengthen2/strengthen2_combo_00001100.litmus	roachmotel2/roachmotel2_combo_00001100.litmus
strengthen2/strengthen2_combo_00001101.litmus	roachmotel2/roachmotel2_combo_00001101.litmus
strengthen2/strengthen2_combo_00001110.litmus	roachmotel2/roachmotel2_combo_00001110.litmus
strengthen2/strengthen2_combo_00001111.litmus	roachmotel2/roachmotel2_combo_00001111.litmus
strengthen2/strengthen2_combo_00010000.litmus	roachmotel2/roachmotel2_combo_00010000.litmus
strengthen2/strengthen2_combo_00010001.litmus	roachmotel2/roachmotel2_combo_00010001.litmus
strengthen2/strengthen2_combo_00010010.litmus	roachmotel2/roachmotel2_combo_00010010.litmus
strengthen2/strengthen2_combo_00010011.litmus	roachmotel2/roachmotel2_combo_00010011.litmus
strengthen2/strengthen2_combo_00010100.litmus	roachmotel2/roachmotel2_combo_00010100.litmus
strengthen2/strengthen2_combo_00010101.litmus	roachmotel2/roachmotel2_combo_00010101.litmus
strengthen2/strengthen2_combo_00010110.litmus	roachmotel2/roachmotel2_combo_00010110.litmus
strengthen2/strengthen2_combo_00010111.litmus	roachmotel2/roachmotel2_combo_00010111.litmus
strengthen2/strengthen2_combo_00011000.litmus	roachmotel2/roachmotel2_combo_00011000.litmus
strengthen2/strengthen2_combo_00011001.litmus	roachmotel2/roachmotel2_combo_00011001.litmus
strengthen2/strengthen2_combo_00011010.litmus	roachmotel2/roachmotel2_combo_00011010.litmus
strengthen2/strengthen2_combo_00011011.litmus	roachmotel2/roachmotel2_combo_00011011.litmus
strengthen2/strengthen2_combo_00011100.litmus	roachmotel2/roachmotel2_combo_00011100.litmus
strengthen2/strengthen2_combo_00011101.litmus	roachmotel2/roachmotel2_combo_00011101.litmus
strengthen2/strengthen2_combo_00011110.litmus	roachmotel2/roachmotel2_combo_00011110.litmus
strengthen2/strengthen2_combo_00011111.litmus	roachmotel2/roachmotel2_combo_00011111.litmus
strengthen2/strengthen2_combo_00100000.litmus	roachmotel2/roachmotel2_combo_00100000.litmus
strengthen2/strengthen2_combo_00100001.litmus	roachmotel2/roachmotel2_combo_00100001.litmus
strengthen2/strengthen2_combo_00100010.litmus	roachmotel2/roachmotel2_combo_00100010.litmus
strengthen2/strengthen2_combo_00100011.litmus	roachmotel2/roachmotel2_combo_00100011.litmus
strengthen2/strengthen2_combo_00100100.litmus	roachmotel2/roachmotel2_combo_00100100.litmus
strengthen2/strengthen2_combo_00100101.litmus	roachmotel2/roachmotel2_combo_00100101.litmus
strengthen2/strengthen2_combo_00100110.litmus	roachmotel2/roachmotel2_combo_00100110.litmus
strengthen2/strengthen2_combo_00100111.litmus	roachmotel2/roachmotel2_combo_00100111.litmus
strengthen2/strengthen2_combo_00101000.litmus	roachmotel2/roachmotel2_combo_00101000.litmus
strengthen2/strengthen2_combo_00101001.litmus	roachmotel2/roachmotel2_combo_00101001.litmus
strengthen2/strengthen2_combo_00101010.litmus	roachmotel2/roachmotel2_combo_00101010.litmus
strengthen2/strengthen2_combo_00101011.litmus	roachmotel2/roachmotel2_combo_00101011.litmus
strengthen2/strengthen2_combo_00101100.litmus	roachmotel2/roachmotel2_combo_00101100.litmus
strengthen2/strengthen2_combo_00101101.litmus	roachmotel2/roachmotel2_combo_00101101.litmus
strengthen2/strengthen2_combo_00101110.litmus	roachmotel2/roachmotel2_combo_00101110.litmus
strengthen2/strengthen2_combo_00101111.litmus	roachmotel2/roachmotel2_combo_00101111.litmus
strengthen2/strengthen2_combo_00110000.litmus	roachmotel2/roachmotel2_combo_00110000.litmus
strengthen2/strengthen2_combo_00110001.litmus	roachmotel2/roachmotel2_combo_00110001.litmus
strengthen2/strengthen2_combo_00110010.litmus	roachmotel2/roachmotel2_combo_00110010.litmus
strengthen2/strengthen2_combo_00110011.litmus	roachmotel2/roachmotel2_combo_00110011.litmus
strengthen2/strengthen2_combo_00110100.litmus	roachmotel2/roachmotel2_combo_00110100.litmus
strengthen2/strengthen2_combo_00110101.litmus	roachmotel2/roachmotel2_combo_00110101.litmus
strengthen2/strengthen2_combo_00110110.litmus	roachmotel2/roachmotel2_combo_00110110.litmus
strengthen2/strengthen2_combo_00110111.litmus	roachmotel2/roachmotel2_combo_00110111.litmus
strengthen2/strengthen2_combo_00111000.litmus	roachmotel2/roachmotel2_combo_00111000.litmus
strengthen2/strengthen2_combo_00111001.litmus	roachmotel2/roachmotel2_combo_00111001.litmus
strengthen2/strengthen2_combo_00111010.litmus	roachmotel2/roachmotel2_combo_00111010.litmus
strengthen2/strengthen2_combo_00111011.litmus	roachmotel2/roachmotel2_combo_00111011.litmus
strengthen2/strengthen2_combo_00111100.litmus	roachmotel2/roachmotel2_combo_00111100.litmus
strengthen2/strengthen2_combo_00111101.litmus	roachmotel2/roachmotel2_combo_00111101.litmus
strengthen2/strengthen2_combo_00111110.litmus	roachmotel2/roachmotel2_combo_00111110.litmus
strengthen2/strengthen2_combo_00111111.litmus	roachmotel2/roachmotel2_combo_00111111.litmus
strengthen2/strengthen2_combo_01000000.litmus	roachmotel2/roachmotel2_combo_01000000.litmus
strengthen2/strengthen2_combo_01000001.litmus	roachmotel2/roachmotel2_combo_01000001.litmus
strengthen2/strengthen2_combo_01000010.litmus	roachmotel2/roachmotel2_combo_01000010.litmus
strengthen2/strengthen2_combo_01000011.litmus	roachmotel2/roachmotel2_combo_01000011.litmus
strengthen2/strengthen2_combo_01000100.litmus	roachmotel2/roachmotel2_combo_01000100.litmus
strengthen2/strengthen2_combo_01000101.litmus	roachmotel2/roachmotel2_combo_01000101.litmus
strengthen2/strengthen2_combo_01000110.litmus	roachmotel2/roachmotel2_combo_01000110.litmus
strengthen2/strengthen2_combo_01000111.litmus	roachmotel2/roachmotel2_combo_01000111.litmus
strengthen2/strengthen2_combo_01001000.litmus	roachmotel2/roachmotel2_combo_01001000.litmus
strengthen2/strengthen2_combo_01001001.litmus	roachmotel2/roachmotel2_combo_01001001.litmus
strengthen2/strengthen2_combo_01001010.litmus	roachmotel2/roachmotel2_combo_01001010.litmus
strengthen2/strengthen2_combo_01001011.litmus	roachmotel2/roachmotel2_combo_01001011.litmus
strengthen2/strengthen2_combo_01001100.litmus	roachmotel2/roachmotel2_combo_01001100.litmus
strengthen2/strengthen2_combo_01001101.litmus	roachmotel2/roachmotel2_combo_01001101.litmus
strengthen2/strengthen2_combo_01001110.litmus	roachmotel2/roachmotel2_combo_01001110.litmus
strengthen2/strengthen2_combo_01001111.litmus	roachmotel2/roachmotel2_combo_01001111.litmus
strengthen2/strengthen2_combo_01010000.litmus	roachmotel2/roachmotel2_combo_01010000.litmus
strengthen2/strengthen2_combo_01010001.litmus	roachmotel2/roachmotel2_combo_01010001.litmus
strengthen2/strengthen2_combo_01010010.litmus	roachmotel2/roachmotel2_combo_01010010.litmus
strengthen2/strengthen2_combo_01010011.litmus	roachmotel2/roachmotel2_combo_01010011.litmus
strengthen2/strengthen2_combo_01010100.litmus	roachmotel2/roachmotel2_combo_01010100.litmus
strengthen2/strengthen2_combo_01010101.litmus	roachmotel2/roachmotel2_combo_01010101.litmus
strengthen2/strengthen2_combo_01010110.litmus	roachmotel2/roachmotel2_combo_01010110.litmus
strengthen2/strengthen2_combo_01010111.litmus	roachmotel2/roachmotel2_combo_01010111.litmus
strengthen2/strengthen2_combo_01011000.litmus	roachmotel2/roachmotel2_combo_01011000.litmus
strengthen2/strengthen2_combo_01011001.litmus	roachmotel2/roachmotel2_combo_01011001.litmus
strengthen2/strengthen2_combo_01011010.litmus	roachmotel2/roachmotel2_combo_01011010.litmus
strengthen2/strengthen2_combo_01011011.litmus	roachmotel2/roachmotel2_combo_01011011.litmus
strengthen2/strengthen2_combo_01011100.litmus	roachmotel2/roachmotel2_combo_01011100.litmus
strengthen2/strengthen2_combo_01011101.litmus	roachmotel2/roachmotel2_combo_01011101.litmus
strengthen2/strengthen2_combo_01011110.litmus	roachmotel2/roachmotel2_combo_01011110.litmus
strengthen2/strengthen2_combo_01011111.litmus	roachmotel2/roachmotel2_combo_01011111.litmus
strengthen2/strengthen2_combo_01100000.litmus	roachmotel2/roachmotel2_combo_01100000.litmus
strengthen2/strengthen2_combo_01100001.litmus	roachmotel2/roachmotel2_combo_01100001.litmus
strengthen2/strengthen2_combo_01100010.litmus	roachmotel2/roachmotel2_combo_01100010.litmus
strengthen2/strengthen2_combo_01100011.litmus	roachmotel2/roachmotel2_combo_01100011.litmus
strengthen2/strengthen2_combo_01100100.litmus	roachmotel2/roachmotel2_combo_01100100.litmus
strengthen2/strengthen2_combo_01100101.litmus	roachmotel2/roachmotel2_combo_01100101.litmus
strengthen2/strengthen2_combo_01100110.litmus	roachmotel2/roachmotel2_combo_01100110.litmus
strengthen2/strengthen2_combo_01100111.litmus	roachmotel2/roachmotel2_combo_01100111.litmus
strengthen2/strengthen2_combo_01101000.litmus	roachmotel2/roachmotel2_combo_01101000.litmus
strengthen2/strengthen2_combo_01101001.litmus	roachmotel2/roachmotel2_combo_01101001.litmus
strengthen2/strengthen2_combo_01101010.litmus	roachmotel2/roachmotel2_combo_01101010.litmus
strengthen2/strengthen2_combo_01101011.litmus	roachmotel2/roachmotel2_combo_01101011.litmus
strengthen2/strengthen2_combo_01101100.litmus	roachmotel2/roachmotel2_combo_01101100.litmus
strengthen2/strengthen2_combo_01101101.litmus	roachmotel2/roachmotel2_combo_01101101.litmus
strengthen2/strengthen2_combo_01101110.litmus	roachmotel2/roachmotel2_combo_01101110.litmus
strengthen2/strengthen2_combo_01101111.litmus	roachmotel2/roachmotel2_combo_01101111.litmus
strengthen2/strengthen2_combo_01110000.litmus	roachmotel2/roachmotel2_combo_01110000.litmus
strengthen2/strengthen2_combo_01110001.litmus	roachmotel2/roachmotel2_combo_01110001.litmus
strengthen2/strengthen2_combo_01110010.litmus	roachmotel2/roachmotel2_combo_01110010.litmus
strengthen2/strengthen2_combo_01110011.litmus	roachmotel2/roachmotel2_combo_01110011.litmus
strengthen2/strengthen2_combo_01110100.litmus	roachmotel2/roachmotel2_combo_01110100.litmus
strengthen2/strengthen2_combo_01110101.litmus	roachmotel2/roachmotel2_combo_01110101.litmus
strengthen2/strengthen2_combo_01110110.litmus	roachmotel2/roachmotel2_combo_01110110.litmus
strengthen2/strengthen2_combo_01110111.litmus	roachmotel2/roachmotel2_combo_01110111.litmus
strengthen2/strengthen2_combo_01111000.litmus	roachmotel2/roachmotel2_combo_01111000.litmus
strengthen2/strengthen2_combo_01111001.litmus	roachmotel2/roachmotel2_combo_01111001.litmus
strengthen2/strengthen2_combo_01111010.litmus	roachmotel2/roachmotel2_combo_01111010.litmus
strengthen2/strengthen2_combo_01111011.litmus	roachmotel2/roachmotel2_combo_01111011.litmus
strengthen2/strengthen2_combo_01111100.litmus	roachmotel2/roachmotel2_combo_01111100.litmus
strengthen2/strengthen2_combo_01111101.litmus	roachmotel2/roachmotel2_combo_01111101.litmus
strengthen2/strengthen2_combo_01111110.litmus	roachmotel2/roachmotel2_combo_01111110.litmus
strengthen2/strengthen2_combo_01111111.litmus	roachmotel2/roachmotel2_combo_01111111.litmus
strengthen2/strengthen2_combo_10000000.litmus	roachmotel2/roachmotel2_combo_10000000.litmus
strengthen2/strengthen2_combo_10000001.litmus	roachmotel2/roachmotel2_combo_10000001.litmus
strengthen2/strengthen2_combo_10000010.litmus	roachmotel2/roachmotel2_combo_10000010.litmus
strengthen2/strengthen2_combo_10000011.litmus	roachmotel2/roachmotel2_combo_10000011.litmus
strengthen2/strengthen2_combo_10000100.litmus	roachmotel2/roachmotel2_combo_10000100.litmus
strengthen2/strengthen2_combo_10000101.litmus	roachmotel2/roachmotel2_combo_10000101.litmus
strengthen2/strengthen2_combo_10000110.litmus	roachmotel2/roachmotel2_combo_10000110.litmus
strengthen2/strengthen2_combo_10000111.litmus	roachmotel2/roachmotel2_combo_10000111.litmus
strengthen2/strengthen2_combo_10001000.litmus	roachmotel2/roachmotel2_combo_10001000.litmus
strengthen2/strengthen2_combo_10001001.litmus	roachmotel2/roachmotel2_combo_10001001.litmus
strengthen2/strengthen2_combo_10001010.litmus	roachmotel2/roachmotel2_combo_10001010.litmus
strengthen2/strengthen2_combo_10001011.litmus	roachmotel2/roachmotel2_combo_10001011.litmus
strengthen2/strengthen2_combo_10001100.litmus	roachmotel2/roachmotel2_combo_10001100.litmus
strengthen2/strengthen2_combo_10001101.litmus	roachmotel2/roachmotel2_combo_10001101.litmus
strengthen2/strengthen2_combo_10001110.litmus	roachmotel2/roachmotel2_combo_10001110.litmus
strengthen2/strengthen2_combo_10001111.litmus	roachmotel2/roachmotel2_combo_10001111.litmus
strengthen2/strengthen2_combo_10010000.litmus	roachmotel2/roachmotel2_combo_10010000.litmus
strengthen2/strengthen2_combo_10010001.litmus	roachmotel2/roachmotel2_combo_10010001.litmus
strengthen2/strengthen2_combo_10010010.litmus	roachmotel2/roachmotel2_combo_10010010.litmus
strengthen2/strengthen2_combo_10010011.litmus	roachmotel2/roachmotel2_combo_10010011.litmus
strengthen2/strengthen2_combo_10010100.litmus	roachmotel2/roachmotel2_combo_10010100.litmus
strengthen2/strengthen2_combo_10010101.litmus	roachmotel2/roachmotel2_combo_10010101.litmus
strengthen2/strengthen2_combo_10010110.litmus	roachmotel2/roachmotel2_combo_10010110.litmus
strengthen2/strengthen2_combo_10010111.litmus	roachmotel2/roachmotel2_combo_10010111.litmus
strengthen2/strengthen2_combo_10011000.litmus	roachmotel2/roachmotel2_combo_10011000.litmus
strengthen2/strengthen2_combo_10011001.litmus	roachmotel2/roachmotel2_combo_10011001.litmus
strengthen2/strengthen2_combo_10011010.litmus	roachmotel2/roachmotel2_combo_10011010.litmus
strengthen2/strengthen2_combo_10011011.litmus	roachmotel2/roachmotel2_combo_10011011.litmus
strengthen2/strengthen2_combo_10011100.litmus	roachmotel2/roachmotel2_combo_10011100.litmus
strengthen2/strengthen2_combo_10011101.litmus	roachmotel2/roachmotel2_combo_10011101.litmus
strengthen2/strengthen2_combo_10011110.litmus	roachmotel2/roachmotel2_combo_10011110.litmus
strengthen2/strengthen2_combo_10011111.litmus	roachmotel2/roachmotel2_combo_10011111.litmus
strengthen2/strengthen2_combo_10100000.litmus	roachmotel2/roachmotel2_combo_10100000.litmus
strengthen2/strengthen2_combo_10100001.litmus	roachmotel2/roachmotel2_combo_10100001.litmus
strengthen2/strengthen2_combo_10100010.litmus	roachmotel2/roachmotel2_combo_10100010.litmus
strengthen2/strengthen2_combo_10100011.litmus	roachmotel2/roachmotel2_combo_10100011.litmus
strengthen2/strengthen2_combo_10100100.litmus	roachmotel2/roachmotel2_combo_10100100.litmus
strengthen2/strengthen2_combo_10100101.litmus	roachmotel2/roachmotel2_combo_10100101.litmus
strengthen2/strengthen2_combo_10100110.litmus	roachmotel2/roachmotel2_combo_10100110.litmus
strengthen2/strengthen2_combo_10100111.litmus	roachmotel2/roachmotel2_combo_10100111.litmus
strengthen2/strengthen2_combo_10101000.litmus	roachmotel2/roachmotel2_combo_10101000.litmus
strengthen2/strengthen2_combo_10101001.litmus	roachmotel2/roachmotel2_combo_10101001.litmus
strengthen2/strengthen2_combo_10101010.litmus	roachmotel2/roachmotel2_combo_10101010.litmus
strengthen2/strengthen2_combo_10101011.litmus	roachmotel2/roachmotel2_combo_10101011.litmus
strengthen2/strengthen2_combo_10101100.litmus	roachmotel2/roachmotel2_combo_10101100.litmus
strengthen2/strengthen2_combo_10101101.litmus	roachmotel2/roachmotel2_combo_10101101.litmus
strengthen2/strengthen2_combo_10101110.litmus	roachmotel2/roachmotel2_combo_10101110.litmus
strengthen2/strengthen2_combo_10101111.litmus	roachmotel2/roachmotel2_combo_10101111.litmus
strengthen2/strengthen2_combo_10110000.litmus	roachmotel2/roachmotel2_combo_10110000.litmus
strengthen2/strengthen2_combo_10110001.litmus	roachmotel2/roachmotel2_combo_10110001.litmus
strengthen2/strengthen2_combo_10110010.litmus	roachmotel2/roachmotel2_combo_10110010.litmus
strengthen2/strengthen2_combo_10110011.litmus	roachmotel2/roachmotel2_combo_10110011.litmus
strengthen2/strengthen2_combo_10110100.litmus	roachmotel2/roachmotel2_combo_10110100.litmus
strengthen2/strengthen2_combo_10110101.litmus	roachmotel2/roachmotel2_combo_10110101.litmus
strengthen2/strengthen2_combo_10110110.litmus	roachmotel2/roachmotel2_combo_10110110.litmus
strengthen2/strengthen2_combo_10110111.litmus	roachmotel2/roachmotel2_combo_10110111.litmus
strengthen2/strengthen2_combo_10111000.litmus	roachmotel2/roachmotel2_combo_10111000.litmus
strengthen2/strengthen2_combo_10111001.litmus	roachmotel2/roachmotel2_combo_10111001.litmus
strengthen2/strengthen2_combo_10111010.litmus	roachmotel2/roachmotel2_combo_10111010.litmus
strengthen2/strengthen2_combo_10111011.litmus	roachmotel2/roachmotel2_combo_10111011.litmus
strengthen2/strengthen2_combo_10111100.litmus	roachmotel2/roachmotel2_combo_10111100.litmus
strengthen2/strengthen2_combo_10111101.litmus	roachmotel2/roachmotel2_combo_10111101.litmus
strengthen2/strengthen2_combo_10111110.litmus	roachmotel2/roachmotel2_combo_10111110.litmus
strengthen2/strengthen2_combo_10111111.litmus	roachmotel2/roachmotel2_combo_10111111.litmus
strengthen2/strengthen2_combo_11000000.litmus	roachmotel2/roachmotel2_combo_11000000.litmus
strengthen2/strengthen2_combo_11000001.litmus	roachmotel2/roachmotel2_combo_11000001.litmus
strengthen2/strengthen2_combo_11000010.litmus	roachmotel2/roachmotel2_combo_11000010.litmus
strengthen2/strengthen2_combo_11000011.litmus	roachmotel2/roachmotel2_combo_11000011.litmus
strengthen2/strengthen2_combo_11000100.litmus	roachmotel2/roachmotel2_combo_11000100.litmus
strengthen2/strengthen2_combo_11000101.litmus	roachmotel2/roachmotel2_combo_11000101.litmus
strengthen2/strengthen2_combo_11000110.litmus	roachmotel2/roachmotel2_combo_11000110.litmus
strengthen2/strengthen2_combo_11000111.litmus	roachmotel2/roachmotel2_combo_11000111.litmus
strengthen2/strengthen2_combo_11001000.litmus	roachmotel2/roachmotel2_combo_11001000.litmus
strengthen2/strengthen2_combo_11001001.litmus	roachmotel2/roachmotel2_combo_11001001.litmus
strengthen2/strengthen2_combo_11001010.litmus	roachmotel2/roachmotel2_combo_11001010.litmus
strengthen2/strengthen2_combo_11001011.litmus	roachmotel2/roachmotel2_combo_11001011.litmus
strengthen2/strengthen2_combo_11001100.litmus	roachmotel2/roachmotel2_combo_11001100.litmus
strengthen2/strengthen2_combo_11001101.litmus	roachmotel2/roachmotel2_combo_11001101.litmus
strengthen2/strengthen2_combo_11001110.litmus	roachmotel2/roachmotel2_combo_11001110.litmus
strengthen2/strengthen2_combo_11001111.litmus	roachmotel2/roachmotel2_combo_11001111.litmus
strengthen2/strengthen2_combo_11010000.litmus	roachmotel2/roachmotel2_combo_11010000.litmus
strengthen2/strengthen2_combo_11010001.litmus	roachmotel2/roachmotel2_combo_11010001.litmus
strengthen2/strengthen2_combo_11010010.litmus	roachmotel2/roachmotel2_combo_11010010.litmus
strengthen2/strengthen2_combo_11010011.litmus	roachmotel2/roachmotel2_combo_11010011.litmus
strengthen2/strengthen2_combo_11010100.litmus	roachmotel2/roachmotel2_combo_11010100.litmus
strengthen2/strengthen2_combo_11010101.litmus	roachmotel2/roachmotel2_combo_11010101.litmus
strengthen2/strengthen2_combo_11010110.litmus	roachmotel2/roachmotel2_combo_11010110.litmus
strengthen2/strengthen2_combo_11010111.litmus	roachmotel2/roachmotel2_combo_11010111.litmus
strengthen2/strengthen2_combo_11011000.litmus	roachmotel2/roachmotel2_combo_11011000.litmus
strengthen2/strengthen2_combo_11011001.litmus	roachmotel2/roachmotel2_combo_11011001.litmus
strengthen2/strengthen2_combo_11011010.litmus	roachmotel2/roachmotel2_combo_11011010.litmus
strengthen2/strengthen2_combo_11011011.litmus	roachmotel2/roachmotel2_combo_11011011.litmus
strengthen2/strengthen2_combo_11011100.litmus	roachmotel2/roachmotel2_combo_11011100.litmus
strengthen2/strengthen2_combo_11011101.litmus	roachmotel2/roachmotel2_combo_11011101.litmus
strengthen2/strengthen2_combo_11011110.litmus	roachmotel2/roachmotel2_combo_11011110.litmus
strengthen2/strengthen2_combo_11011111.litmus	roachmotel2/roachmotel2_combo_11011111.litmus
strengthen2/strengthen2_combo_11100000.litmus	roachmotel2/roachmotel2_combo_11100000.litmus
strengthen2/strengthen2_combo_11100001.litmus	roachmotel2/roachmotel2_combo_11100001.litmus
strengthen2/strengthen2_combo_11100010.litmus	roachmotel2/roachmotel2_combo_11100010.litmus
strengthen2/strengthen2_combo_11100011.litmus	roachmotel2/roachmotel2_combo_11100011.litmus
strengthen2/strengthen2_combo_11100100.litmus	roachmotel2/roachmotel2_combo_11100100.litmus
strengthen2/strengthen2_combo_11100101.litmus	roachmotel2/roachmotel2_combo_11100101.litmus
strengthen2/strengthen2_combo_11100110.litmus	roachmotel2/roachmotel2_combo_11100110.litmus
strengthen2/strengthen2_combo_11100111.litmus	roachmotel2/roachmotel2_combo_11100111.litmus
strengthen2/strengthen2_combo_11101000.litmus	roachmotel2/roachmotel2_combo_11101000.litmus
strengthen2/strengthen2_combo_11101001.litmus	roachmotel2/roachmotel2_combo_11101001.litmus
strengthen2/strengthen2_combo_11101010.litmus	roachmotel2/roachmotel2_combo_11101010.litmus
strengthen2/strengthen2_combo_11101011.litmus	roachmotel2/roachmotel2_combo_11101011.litmus
strengthen2/strengthen2_combo_11101100.litmus	roachmotel2/roachmotel2_combo_11101100.litmus
strengthen2/strengthen2_combo_11101101.litmus	roachmotel2/roachmotel2_combo_11101101.litmus
strengthen2/strengthen2_combo_11101110.litmus	roachmotel2/roachmotel2_combo_11101110.litmus
strengthen2/strengthen2_combo_11101111.litmus	roachmotel2/roachmotel2_combo_11101111.litmus
strengthen2/strengthen2_combo_11110000.litmus	roachmotel2/roachmotel2_combo_11110000.litmus
strengthen2/strengthen2_combo_11110001.litmus	roachmotel2/roachmotel2_combo_11110001.litmus
strengthen2/strengthen2_combo_11110010.litmus	roachmotel2/roachmotel2_combo_11110010.litmus
strengthen2/strengthen2_combo_11110011.litmus	roachmotel2/roachmotel2_combo_11110011.litmus
strengthen2/strengthen2_combo_11110100.litmus	roachmotel2/roachmotel2_combo_11110100.litmus
strengthen2/strengthen2_combo_11110101.litmus	roachmotel2/roachmotel2_combo_11110101.litmus
strengthen2/strengthen2_combo_11110110.litmus	roachmotel2/roachmotel2_combo_11110110.litmus
strengthen2/strengthen2_combo_11110111.litmus	roachmotel2/roachmotel2_combo_11110111.litmus
strengthen2/strengthen2_combo_11111000.litmus	roachmotel2/roachmotel2_combo_11111000.litmus
strengthen2/strengthen2_combo_11111001.litmus	roachmotel2/roachmotel2_combo_11111001.litmus
strengthen2/strengthen2_combo_11111010.litmus	roachmotel2/roachmotel2_combo_11111010.litmus
strengthen2/strengthen2_combo_11111011.litmus	roachmotel2/roachmotel2_combo_11111011.litmus
strengthen2/strengthen2_combo_11111100.litmus	roachmotel2/roachmotel2_combo_11111100.litmus
strengthen2/strengthen2_combo_11111101.litmus	roachmotel2/roachmotel2_combo_11111101.litmus
strengthen2/strengthen2_combo_11111110.litmus	roachmotel2/roachmotel2_combo_11111110.litmus
strengthen2/strengthen2_combo_11111111.litmus	roachmotel2/roachmotel2_combo_11111111.litmus
